06/09/2014, ,25, ,7, ,2
07/09/2014,53,24, ,9, ,3
08/09/2014,50,25, ,6,1,2
09/09/2014,53,49, ,5, ,4
10/09/2014,61,21, ,6,1,3
11/09/2014,49,55, ,9, ,4
12/09/2014,71,40, ,10, ,4
13/09/2014,72,31, ,6, ,2
14/09/2014,38,23, ,9,1,4
15/09/2014,59,43, ,7, ,3
16/09/2014,64,24, ,6, ,4
17/09/2014,59,34, ,5, ,3
18/09/2014,59,31, ,6, ,3
19/09/2014,71,34, ,5, ,3
20/09/2014,64,52, ,6, ,4
21/09/2014,78,67, ,8, ,5
22/09/2014,112,19, ,7, ,4
23/09/2014,60,45, ,5, ,3
24/09/2014, ,40, ,5, ,3
25/09/2014,103,31, ,7, ,2
26/09/2014,46,19, ,4, ,2
27/09/2014,74,15, ,5, ,2
28/09/2014,34,17, ,4, ,2
29/09/2014,42,16, ,7, ,3
30/09/2014,108,30, ,10,1,5
01/10/2014, ,32, ,7, ,4
02/10/2014, ,36, ,7, ,3
03/10/2014, ,41, ,8,1,5
04/10/2014, ,41, ,6, ,5
05/10/2014, ,41, ,6, ,5
06/10/2014, ,35, ,8, ,5
07/10/2014, ,40, ,10, ,7
08/10/2014, ,38, ,9, ,5
09/10/2014, ,38, ,9, ,7
10/10/2014, ,36, , , ,6
11/10/2014, ,37, , , ,7
12/10/2014, ,23, , , ,4
13/10/2014, ,34, , , ,5
14/10/2014, ,47, , , ,5
15/10/2014, ,56, , , ,2
16/10/2014, ,73, , , ,3
17/10/2014, ,58, , , , 
18/10/2014, ,54, , , , 
19/10/2014, ,39, , , , 
20/10/2014, ,34, , , , 
21/10/2014, ,34, , , , 
22/10/2014, ,55, , , , 
23/10/2014, ,27, , ,1, 
24/10/2014, ,27, , , , 
25/10/2014, ,24, , , , 
26/10/2014, ,15, , ,1, 
27/10/2014, ,39, , ,1, 
28/10/2014, ,37, , ,1, 
29/10/2014, ,58, , , , 
30/10/2014, ,51, , , , 
31/10/2014, ,28,25, , , 
01/11/2014, ,22,24, , , 
02/11/2014, ,37,21, , , 
03/11/2014, ,61,16, , , 
04/11/2014, ,50,22,9, , 
05/11/2014, ,90,19, , , 
06/11/2014, ,150,21,7, , 
07/11/2014, ,24,23,3, , 
08/11/2014, ,23,21,6,1, 
09/11/2014, ,35,20,9, , 
10/11/2014, ,42,20,12, ,18
11/11/2014, ,60,20,6, ,3
12/11/2014, ,78,20,6, ,2
13/11/2014, ,25,19,4,1,2
14/11/2014, , ,15,12, ,7
15/11/2014, ,37,23,7, ,5
16/11/2014, ,28,19,8, ,4
17/11/2014, ,39,12,13, ,6
18/11/2014, ,36,12,10, ,7
19/11/2014, ,37,16,10, ,6
20/11/2014, ,40,19,13, ,8
21/11/2014, ,64,16,13, ,9
22/11/2014, ,44,14,11, ,8
23/11/2014, ,34,21,10, ,8
24/11/2014, ,41,15,11, ,9
25/11/2014, ,376,18,10, ,13
26/11/2014, , ,28,12,1,14
27/11/2014, , ,37,8, ,2
28/11/2014, , ,17,4, ,3
01/12/2014, , ,19,5, ,9
02/12/2014, , ,20,4, ,1
03/12/2014, ,32,8,11, ,5
04/12/2014, ,39,17,10, ,7
05/12/2014,31,27,13,11, ,10
09/12/2014, ,177,18,12, ,12
10/12/2014,13,12,28,3, ,2
11/12/2014,9,17,21,7, ,4
12/12/2014,42,29,19,9,1,7
13/12/2014,70,46,13,12,1,12
14/12/2014,65,44,18,11,1,12
15/12/2014,58,42,21,9, ,9
16/12/2014,40,43,21,6, ,3
17/12/2014,47,33,15,8, ,4
18/12/2014,63,31,13,10,1,9
19/12/2014,49,33,18,11, ,9
20/12/2014,43,31,13,10,1,6
21/12/2014,53,27,14,6, ,3
22/12/2014,51,36,17,10, ,7
23/12/2014,52,31,11,11, ,7
24/12/2014,48,26,13,11, ,6
25/12/2014,34,17,17,8, ,4
26/12/2014,39,20,12,6, ,3
27/12/2014,24,25,17,7,1,4
28/12/2014,43,673,22,1, ,1
31/12/2014, ,14,21,2,2,2
01/01/2015,12,15,21,7, ,6
02/01/2015, ,30,22,8, ,5
03/01/2015, ,29,23,2, ,2
04/01/2015, ,21,21,4, ,2
05/01/2015, ,20,16,8,1,4
06/01/2015, ,35,17,12,1,13
07/01/2015, ,44,10,13, ,10
08/01/2015,63,25,16,8, ,4
09/01/2015,35,30,18,4, ,2
10/01/2015,58,27,25,3, ,2
11/01/2015,46,32,19,6, ,3
12/01/2015,33,42,14,11,1,8
13/01/2015,66,40,20,11,1,9
14/01/2015,82,31,16,9,1,5
15/01/2015,63,46,14,11,1,12
16/01/2015,80,32,19,5,1,4
17/01/2015,55,29,24,2, ,2
18/01/2015,42,34,17,8, ,6
19/01/2015,33,55,12,12,1,12
20/01/2015,80,57,17,10,1,11
21/01/2015,74,34,23,8, ,4
22/01/2015,50,24,21,3, ,2
23/01/2015,37,20,20,4, ,3
24/01/2015,35,16,19,5, ,4
25/01/2015,37,30,15,11,1,8
26/01/2015,36,19,15,7, ,7
27/01/2015,58,10,10,8, ,4
28/01/2015,37,23,8,8, ,3
29/01/2015,22,33,1,8, ,2
30/01/2015,52,208,2,6, ,2
31/01/2015,153,27,2,6, ,2
01/02/2015,33,16,3,7, ,2
02/02/2015,30,40, ,9, ,7
03/02/2015,45,88, ,9, ,4
04/02/2015,120,84,1,8,1,8
05/02/2015,99,17,1,7,1,2
06/02/2015,22, , , , , 
08/02/2015, , ,19,5, ,20
09/02/2015, ,18,11,4,1,2
10/02/2015,6,28,3,9,1,6
11/02/2015,29,40, ,11, ,9
12/02/2015,62,16,1,12, ,5
13/02/2015,23,19, ,12, ,4
14/02/2015,32,29,1,10, ,8
15/02/2015,52,36, ,12, ,7
16/02/2015,44,19,2,11, ,4
17/02/2015,38,27,1,10, ,5
18/02/2015,40,19,3,10, ,4
19/02/2015,21,35,1,12, ,8
20/02/2015,48,29,5,10, ,3
21/02/2015,66,37,6,7, ,2
22/02/2015,49,27,11,9, ,5
23/02/2015,44,26,9,8, ,3
24/02/2015,37,20,6,6, ,2
25/02/2015,18,15,7,8, ,3
26/02/2015,34,19,8,10, ,4
27/02/2015,20,30,2,10, ,6
28/02/2015,46,24,13,9, ,5
01/03/2015,46,31,4,10, ,6
02/03/2015,42,30,4,8,1,3
03/03/2015,43,29,3,10, ,5
04/03/2015,33,25,6,8, ,2
05/03/2015,23,16,6,8, ,3
06/03/2015,20,19,12,8, ,3
07/03/2015,24,21,8,11, ,4
08/03/2015,34,16,9,11, ,4
09/03/2015,23,24,9,10, ,5
10/03/2015,30,27,6,11, ,5
11/03/2015,42,25,17,10, ,3
12/03/2015,38,19,17,7,1,10
13/03/2015,25,35,10,11,1,5
14/03/2015,45,26,12,12, ,4
15/03/2015,42,30,14,9, ,5
16/03/2015,58,38,7,10, ,5
17/03/2015,40,28,8,9, ,4
18/03/2015,12,36,2, ,1,5
19/03/2015,34,28,12, , ,4
20/03/2015,42,23,15, , ,3
21/03/2015,42,60,7, , ,3
22/03/2015,74,57,8, , ,3
23/03/2015,68,59,6, , ,4
24/03/2015,79,63,5, , ,3
25/03/2015,85,103,5,13, ,5
26/03/2015,130,45,10,11, ,3
27/03/2015,64,28,14,9, ,2
28/03/2015,34, , , , , 
29/03/2015, ,777,14,11, ,9
30/03/2015, ,39,11,9, ,2
31/03/2015,41,39,13,10, ,2
01/04/2015,51,45,16,11, ,3
02/04/2015,53,34,12,10, ,2
03/04/2015,41,33,2,13, ,4
04/04/2015,42,23,16,10, ,2
05/04/2015,29,26,15,11, ,2
06/04/2015,29,21,15,13, ,3
07/04/2015,30, ,12, , , 
08/04/2015, , ,17,16, ,4
09/04/2015, ,27,3,14,1,5
10/04/2015,23,33,5,13, ,5
11/04/2015,41, , , , , 
13/04/2015, , , ,20, ,15
14/04/2015, ,38, ,17, ,5
15/04/2015,33,28,6,13, ,3
16/04/2015,12,35,4,16, ,4
17/04/2015,13,42,12,15, ,5
18/04/2015,13,36,6,16, ,4
19/04/2015,17,31,8,17, ,4
20/04/2015,25,33,32,16, ,3
21/04/2015,75,36,33,17, ,4
22/04/2015,30,27,35,14, ,3
23/04/2015,38,34,36,15,1,3
24/04/2015,42,29,23,13, ,3
25/04/2015,46,27,23,14, ,3
26/04/2015,34,52,23,13, ,3
27/04/2015,59,34,31,11, ,22
28/04/2015,39,31,36,12, ,2
29/04/2015,32,26,33,12, ,7
30/04/2015,36,23,38, , ,3
01/05/2015,30,30,40, ,1,3
02/05/2015,36,27,45, ,2,3
03/05/2015,37,33,24,14,1,4
04/05/2015,47,24,33,7, ,3
05/05/2015,35,33,25,10,2,5
06/05/2015,43,41,30,10, ,3
07/05/2015,56,53,36,12, ,4
08/05/2015,65,38,38,6, ,2
09/05/2015,47,27,40,6, ,2
10/05/2015,39,37,47,10, ,4
11/05/2015,48,28,41,11, ,3
12/05/2015,40,25,38,8,2,2
13/05/2015,34,19,45,5, ,2
14/05/2015,25,20,51,5, ,2
15/05/2015,23, , , , , 
20/05/2015, ,45,30,9, ,3
21/05/2015,56,34,36,5, ,2
22/05/2015,34,29,41,6, ,1
23/05/2015,34,24,46,4, ,2
24/05/2015,34,33,36,7, ,3
25/05/2015,44,28,37,7, ,3
26/05/2015,42,34,35,5, ,2
27/05/2015,44,29,38,6, ,2
28/05/2015,39,20,39,9, ,3
29/05/2015,26,22,40,9, ,3
30/05/2015,33,19,36,7, ,3
31/05/2015,26,22,35,8, ,3
01/06/2015,34,27,38,8,1,3
02/06/2015,49,27,30,8,4,3
03/06/2015,41,35,40,13, ,4
04/06/2015,55,36,42,13, ,4
05/06/2015,57,34,37,7, ,3
06/06/2015,64,26,39,5, ,2
07/06/2015,51,31,32,7, ,2
08/06/2015,60,27, ,7, ,3
09/06/2015,46,26, ,10, ,3
10/06/2015,44,22, ,9,1,3
11/06/2015,37,26,24,10, ,3
12/06/2015,45,29,26,7, ,3
13/06/2015,50,35,33,5, ,2
14/06/2015,48,36,29,5, ,3
15/06/2015,57,40,31,7, ,3
16/06/2015,62,38,31,5, ,2
17/06/2015,44,35,34,5, ,2
18/06/2015,42,29,38,5, ,2
19/06/2015,35,32,34,4, ,2
20/06/2015,39,35,34,4, ,2
21/06/2015,47,33,31,7, ,3
22/06/2015,46,27,28,4, ,2
23/06/2015,40,27,23,5, ,3
24/06/2015,31,17,27,5, ,3
25/06/2015,7,21,31,6, , 
26/06/2015,16,23,38,5, , 
27/06/2015,26,24,37,6, , 
28/06/2015,39,26,42,6, , 
29/06/2015,47,27,35,9, , 
30/06/2015,49,26,35,7, , 
01/07/2015,50,24,32,7, , 
02/07/2015,49,26,43,8, , 
03/07/2015,53,25,38,7, , 
04/07/2015,50,22,33,6, , 
05/07/2015,46,27,30,7, ,8
06/07/2015,55,29,31,7, ,2
07/07/2015,53,26,30,6, ,2
08/07/2015,51,28,29,4, ,1
09/07/2015,51,43,30,5, ,2
10/07/2015,49,39,29,4, ,3
11/07/2015,61,35,28,6, ,3
12/07/2015,65,31,31,6, ,2
13/07/2015,51,33,27,6, ,3
14/07/2015,50,31,29,8, ,5
15/07/2015,49,33,24,8, ,5
16/07/2015,66,35,19,9, ,5
17/07/2015,66,42,38,8, ,4
18/07/2015,78,35,41,11, ,4
19/07/2015,65,46,34,14, ,6
20/07/2015,81,42,25,11, ,5
21/07/2015,62,35,24,8, ,4
22/07/2015,66,32,13,5, ,4
23/07/2015,58,32,15,5, ,3
24/07/2015,49,30,17,4, ,3
25/07/2015,44,25,19,3, ,3
26/07/2015,40,35,21,4, ,3
27/07/2015,40,37,16, , ,4
28/07/2015,47,36,21, , ,4
29/07/2015,56,41,15, , ,5
30/07/2015,74,30,19, , ,3
31/07/2015,21,48,22, , ,3
01/08/2015,107,26,8, , ,3
02/08/2015,71,36,6, , ,3
03/08/2015,52,37,11,6, ,4
04/08/2015,33,31,17,8, ,4
05/08/2015,43,23,22,8, ,4
06/08/2015,39,35,22,7, ,4
07/08/2015,61,29,25,5, ,3
08/08/2015,51,21,29,5, ,3
09/08/2015,43,32,20,6, ,4
10/08/2015,63,26,18,6, ,3
11/08/2015,39,23,25,6, ,2
12/08/2015,29,23,28,5, ,3
13/08/2015,26,29,27,5, ,3
14/08/2015,54,30,28,4, ,1
15/08/2015,46,32,26,6, ,3
16/08/2015,40,21,21,5, ,2
17/08/2015,27,20,27,7, ,3
18/08/2015,31,23,25,3, ,1
19/08/2015,40,25,25,6, ,4
20/08/2015,23,28,25,6, ,13
21/08/2015,30,23,28,5, ,1
22/08/2015,32,20,28,5, ,2
23/08/2015,30,22,19,7, ,3
24/08/2015,34,23,14,5, ,2
25/08/2015,40,32,21,5, ,4
26/08/2015,49,29,18,4, ,3
27/08/2015,48,22,26,4, ,2
28/08/2015,40,26,21,6, ,4
29/08/2015,53,24,30,6, ,4
30/08/2015,45,23,26,6, ,4
31/08/2015,49,30,20,7, ,2
01/09/2015,46,27,22,5, ,1
02/09/2015,44,30, ,5, ,1
03/09/2015,47,32,29,6,1,2
04/09/2015,50,34,27,3, ,3
05/09/2015,48,49,18,5, ,3
06/09/2015,73,37,17,5, ,3
07/09/2015,37,37,26,8, ,3
08/09/2015,48,34,19,6, ,3
09/09/2015,47,23,26,5, ,2
10/09/2015,20,26,32,8, ,3
11/09/2015,21,29,36,10, ,4
12/09/2015,49,23,29,7, ,4
13/09/2015,41,26,28,7,1,4
14/09/2015,38,20,26,7, ,3
15/09/2015,33,24,21, ,1,4
16/09/2015,41,21,19,6, ,3
17/09/2015,45,48,16,8, ,4
18/09/2015,40,56,20,7, ,4
19/09/2015,58,39,33,2, ,2
20/09/2015,31,24,35,3, ,2
21/09/2015,21,23,35,5, ,2
22/09/2015,22,21,36,6, ,3
23/09/2015,29,34,33,8, ,4
24/09/2015,35,27,30,8, ,3
25/09/2015,25,19,39,7, ,3
26/09/2015,21,21,37,7, ,2
27/09/2015,28,20,33,8, ,3
28/09/2015,28,23,33,9, ,4
29/09/2015,39,34,32,12, ,8
30/09/2015,54,24,29,9, ,24
01/10/2015,35,38,27,11, ,5
02/10/2015,49,39,30,8, ,5
03/10/2015,39,36,22,10, ,5
04/10/2015,37,31,34,8, ,5
05/10/2015,29,34,33,8, ,2
06/10/2015,30,41,26,6, ,2
07/10/2015,39,39,26,8, ,3
08/10/2015,29,27,25,9, ,4
09/10/2015, ,43,31,5, ,2
10/10/2015,11,44,35,3, ,1
11/10/2015,18,45,31,11, ,5
12/10/2015,30,52,29,10, ,7
13/10/2015,35,39,29,5, ,3
14/10/2015,32,42,24,7, ,3
15/10/2015,46,39,23,8, ,4
16/10/2015,34,61,31,12, ,5
17/10/2015,32,66,38,9,1,5
18/10/2015,53,76,32,7, ,3
19/10/2015,31,62,20,6, ,3
20/10/2015,41,72,15,3, ,1
21/10/2015,55,73, ,4, ,2
22/10/2015,16,89, ,4, ,2
23/10/2015,21,22, ,5, ,4
24/10/2015,27,23, ,5, ,3
25/10/2015,29,34, ,13, ,5
26/10/2015,45,34, ,14, ,6
27/10/2015,42,37,17,11, ,7
28/10/2015,44,44,20,11, ,6
29/10/2015,44,28, ,11, ,5
30/10/2015,23,31, ,13, ,4
31/10/2015,38,25, ,10, ,7
01/11/2015,39,39, ,10, ,5
02/11/2015,51,28, ,8, ,3
03/11/2015,17, , , , , 
05/11/2015, ,37,29,11, ,5
06/11/2015,41,28,32,6, ,3
07/11/2015,34,30,34,8, ,3
08/11/2015,39,37,29,11, ,5
09/11/2015,39,38,22,13, ,7
10/11/2015,42,40,22,10, ,5
11/11/2015,48,42,27, , ,6
12/11/2015,56,37,33, , ,4
13/11/2015,58,22,32, , ,4
14/11/2015,39,24,27, , ,3
15/11/2015,36,32,24, ,3,6
16/11/2015,39,44,22, , ,6
17/11/2015,54,40,20, , ,6
18/11/2015,45,56,1, , ,5
19/11/2015,79,28,19, , ,3
20/11/2015,32,36,31, , ,1
21/11/2015,27,45,27, , ,2
22/11/2015,44,35,22, , ,3
23/11/2015,38,41,20, , ,5
24/11/2015,42,22,32,3, ,2
25/11/2015,16,14,33,1, ,1
26/11/2015,11,16,33,2, ,2
27/11/2015,19,26,25,5, ,3
28/11/2015,31,24,29,3, ,2
29/11/2015,23,32,26,7, ,4
30/11/2015,35,34,27,7,1,3
01/12/2015,33,34,24,11, ,4
02/12/2015,36,36,31,14, ,5
03/12/2015,45,24,29,15, ,4
04/12/2015,38,25,31,9, ,4
05/12/2015,33,18,31,8, ,4
06/12/2015,27,34,24,16, ,8
07/12/2015,45,40,25,14, ,6
08/12/2015,58,30,17,13, ,6
09/12/2015,44,28,21,10, ,3
10/12/2015,29,21,26,8, ,3
11/12/2015,19,28,25,12, ,4
12/12/2015,32,34,27,14, ,7
13/12/2015,44,57,12,21, ,10
14/12/2015,77,49,5,19, ,11
15/12/2015,71,42,26,14, ,6
16/12/2015,58,25,40,9, ,3
17/12/2015,30,37,33,15, ,6
18/12/2015,48,42,36,16, ,8
19/12/2015,59,35,36,13, ,5
20/12/2015,50,26,41,10, ,5
21/12/2015,29,52,30,16, ,11
22/12/2015,64,45,27,15, ,9
23/12/2015,62,42,29,13, ,7
24/12/2015,58,43,36,12, ,8
25/12/2015,58,41,32,13, ,8
26/12/2015,62,41,33,12, ,8
27/12/2015,63,33,37,10, ,5
28/12/2015,55,31,32,9, ,4
29/12/2015,45,22,34,8, ,3
30/12/2015,27, , , , , 
02/01/2016, ,31,36,4, ,3
03/01/2016,48,29,38,3, ,2
04/01/2016,24,46, ,6, ,3
05/01/2016,36,39, ,7, ,3
06/01/2016,31,25, ,3, ,1
07/01/2016,25,30, ,8, ,3
08/01/2016,30,53, ,9, ,5
09/01/2016,52,43, ,7, ,3
10/01/2016,41,34, ,8, ,5
11/01/2016,34,37, ,8, ,4
12/01/2016,37,28, ,6, ,2
13/01/2016,22,31,21,9, ,4
14/01/2016,29,30,26,7, ,2
15/01/2016,26,17,30,5, ,2
16/01/2016,15,15,29,1, ,2
17/01/2016,13,21,30,8, ,4
18/01/2016,18,35,30,8, ,4
19/01/2016,40,21,28,8, ,3
20/01/2016,22,35,23,14, ,8
21/01/2016,47,48,25,17,1,10
22/01/2016,68,35,25,12, ,6
23/01/2016,47,25,30,9, ,3
24/01/2016,36,28,25,11, ,5
25/01/2016,36,37,25,13, ,6
26/01/2016,44,43,23,15,1,9
27/01/2016,55,48,26,14, ,8
28/01/2016,67,47,26,15, ,10
29/01/2016,71,53,27,14, ,9
30/01/2016,83,37,28,9, ,5
31/01/2016,53,30,26,6, ,3
01/02/2016,38,41,18,12, ,8
02/02/2016,57,35,24,9, ,4
03/02/2016,47,32,31,5, ,2
04/02/2016,27,27,32,6, ,2
05/02/2016,23,26,28,12,1,5
06/02/2016,30,24,32,8, ,4
07/02/2016,30,23,31,6, ,3
08/02/2016,21,33,29,8, ,4
09/02/2016,43,34,33,1, ,2
10/02/2016,36,38,26,6, ,3
11/02/2016,38,42,21,9, ,4
12/02/2016,42,32,27,3, ,3
13/02/2016,34,43,24,4,1,3
14/02/2016,38,58,26,6, ,4
15/02/2016,54,57,29,7, ,2
16/02/2016,60,60,24,7, ,3
17/02/2016,60,39,31,4, ,2
18/02/2016,34,29,33,10, ,4
19/02/2016,15,33,29,8, ,3
20/02/2016,19,22,33,4, ,2
21/02/2016,22,27,26,8, ,3
22/02/2016,27,37,28,9, ,5
23/02/2016,47,51,30,4, ,1
24/02/2016,53,50,29,7, ,2
25/02/2016,52,51,27,9, ,3
26/02/2016,58,35,29,11, ,3
27/02/2016,41,59,34,3, ,2
28/02/2016,64,86,27,8, ,3
29/02/2016,73,41,29,9, ,5
01/03/2016,43,33,29,7, ,10
02/03/2016,40,26,33,6, ,2
03/03/2016,26,28,33,6, ,2
04/03/2016,30,45,31,10, ,5
05/03/2016,47,39,31,7, ,3
06/03/2016,42,19,31,7, ,2
07/03/2016,17,27,31,13, ,5
08/03/2016,31,33,34,11, ,4
09/03/2016,41,26,34,8, ,3
10/03/2016,20,30,35,6, ,2
11/03/2016,28,21,31,9, ,3
12/03/2016,24,15,31,7, ,3
13/03/2016,21,30,27,8, ,4
14/03/2016,41,28,31,9, ,4
15/03/2016,46,44,31,13, ,4
16/03/2016,65,26,36,8, ,3
17/03/2016,34,23,33,10, ,3
18/03/2016,24,18,34,8, ,2
19/03/2016,23,29,36,11, ,4
20/03/2016,41,35,36,7, ,3
21/03/2016,34,126,34,7, ,4
22/03/2016,88,398,36,3, ,1
23/03/2016,198,28,35,6, ,2
24/03/2016,33,22,34,6, ,1
25/03/2016,29,32,36,8, ,2
26/03/2016,31,21,36,5, ,2
27/03/2016,31,32,32,10, ,4
28/03/2016,41,30,32,9, ,2
29/03/2016,39,40,34,16,1,5
30/03/2016,50, , , , , 
01/04/2016, ,27,38,3, ,2
02/04/2016,37,30,41,3, ,3
03/04/2016,46,31,37,9, ,4
04/04/2016,49,33,37,11, ,3
05/04/2016,47,24,40,4, ,2
06/04/2016,41,37,42,3, ,2
07/04/2016,48,40,39, , ,3
08/04/2016,49,28,35, , ,3
09/04/2016,31,22,35, , ,2
10/04/2016,22,30,35, , ,3
11/04/2016,28,36,33, , ,5
12/04/2016,35,77,31,15, ,4
13/04/2016,72,58,32,9, ,6
14/04/2016,63,42,34,12, ,4
15/04/2016,60,50,30,9, ,3
16/04/2016,60,29,36,9, ,2
17/04/2016,37,50,28,11,1,3
18/04/2016,58,66,31,12, ,3
19/04/2016,83,33,42,5, ,1
20/04/2016,46,28,42,4, ,1
21/04/2016,38,41,35,8, ,3
22/04/2016,57,44,36,6, ,2
23/04/2016,49,20,36,4, ,1
24/04/2016,27,45,33,5, ,2
25/04/2016,36,27,32,7, ,2
26/04/2016,32,30,30,8, ,2
27/04/2016,39,31,35,7, ,3
28/04/2016,41,30,36,7, ,2
29/04/2016,37,26,36,8, ,3
30/04/2016,43,19,36,5, ,2
01/05/2016,29,30,34,5, ,1
02/05/2016,26,32,38,5, ,2
03/05/2016,38,39,37,6, ,3
04/05/2016,49,32,36,11, ,3
05/05/2016,44,26,37,11, ,3
06/05/2016,40,22,40,8, ,2
07/05/2016,32,26,42,2, ,1
08/05/2016,41,32,39,7, ,2
09/05/2016,42,29,39,7, ,2
10/05/2016,42,63,26,10, ,3
11/05/2016,58,65,26,5, ,2
12/05/2016,67,25, ,6, ,2
13/05/2016,31,28, ,5, ,2
14/05/2016,32,24, ,3, ,1
15/05/2016,31,18,38,6, ,2
16/05/2016,26,28,38,6, ,2
17/05/2016,32,33,35,11, ,2
18/05/2016,42,30,33,9, ,3
19/05/2016,44,39,36,6, ,2
20/05/2016,28,31,40,5, ,1
21/05/2016,38,28,46,9, ,2
22/05/2016,37,30,41,6, ,2
23/05/2016,43,29,33,7,1,1
24/05/2016,25,31,33,10, ,3
25/05/2016,42,31,28,12, ,3
26/05/2016,41,28,35,9, ,3
27/05/2016,42,33,60,7, ,3
28/05/2016,37,38,36,6, ,2
29/05/2016,43,47,31,6, ,2
30/05/2016,37,23,22,12, ,3
31/05/2016,31,35,30,11, ,2
01/06/2016,27,29,35,9, ,4
02/06/2016,40,30,33,11, ,4
03/06/2016,33,27,37,9, ,3
04/06/2016,34,21,31,9, ,3
05/06/2016,32,35,38,11, ,4
06/06/2016,51,32,43,9, ,3
07/06/2016,46,24,36,7, ,3
08/06/2016,37,29,33, , ,2
09/06/2016,41,22,34,8, ,3
10/06/2016,37,26,28,5, ,2
11/06/2016,36,23,31,4, ,2
12/06/2016,29,40,29,7, ,1
13/06/2016,40,27,25,5, ,1
14/06/2016,28,41,29,7, ,3
15/06/2016,44,65,26,3, ,2
16/06/2016,59,56,24, , ,2
17/06/2016,58,54,71, , ,2
18/06/2016,62,32,90, , ,2
19/06/2016,33,31,56, , ,2
20/06/2016,33,29,82, , ,3
21/06/2016,39,29,76,11, ,2
22/06/2016,34,25,108,7, ,2
23/06/2016,35,38,77,8, ,1
24/06/2016,46,45, ,8, ,5
25/06/2016,51,39, ,6, ,4
26/06/2016,49,46, ,10, ,3
27/06/2016,49,45, ,7, ,1
28/06/2016,48,35, ,8,1,3
29/06/2016,45,43, ,7, ,1
30/06/2016,53,29, ,9, ,2
01/07/2016,41,23, ,7, ,3
02/07/2016,38,27, ,9, ,2
03/07/2016,40,45, ,10, ,4
04/07/2016,62,42, ,8, ,3
05/07/2016,54,38, ,8, , 
06/07/2016,42,47, ,7, , 
07/07/2016,61,32, ,8, , 
08/07/2016,47,28, ,5, , 
09/07/2016,37,31, ,6, , 
10/07/2016,46,35, ,8, , 
11/07/2016,45,28, ,9, , 
12/07/2016,40,34, ,9, , 
13/07/2016,44,41, ,6, , 
14/07/2016,43,59, ,5, , 
15/07/2016,44,38, ,4, , 
16/07/2016,36,21, ,3, , 
17/07/2016,31,21, ,7, , 
18/07/2016,26,23, ,8, , 
19/07/2016,29,31, ,12, , 
20/07/2016,43,29, ,10, , 
21/07/2016,43,33,33,11, , 
22/07/2016,47,26,27,10, , 
23/07/2016,33,29,34,5, , 
24/07/2016,48,34,33,6, , 
25/07/2016,39,35,33,5, , 
26/07/2016,41,40,32,8, , 
27/07/2016,55,28,32,7, , 
28/07/2016,37,35,30,7, , 
29/07/2016,50,31,36,8, , 
30/07/2016,48,33,32,8, , 
31/07/2016,55,37,32,8, , 
01/08/2016,51,41,30,7, , 
02/08/2016,51,34,28,6, , 
03/08/2016,44,37,27,7, , 
04/08/2016,56,31,27,6, , 
05/08/2016,50,37,27,4, , 
06/08/2016,40,25,36,4, , 
07/08/2016,28,37,35,7, , 
08/08/2016,35,32,29,6, , 
09/08/2016,37,24,31,5, , 
10/08/2016,32,38,30,6, , 
11/08/2016,47,41,32,6, , 
12/08/2016,45,32,83,7, , 
13/08/2016,41,21,207,6, , 
14/08/2016,31,26,207,6, , 
15/08/2016,46,19,219,5, , 
16/08/2016,34,21, ,4, , 
17/08/2016,37,22, ,5, , 
18/08/2016,36,27, ,8, , 
19/08/2016,38,26, ,8, , 
20/08/2016,41,28, ,9, , 
21/08/2016,44,44, ,4, , 
22/08/2016,51,30,281,4, , 
23/08/2016,36,15, ,6, , 
24/08/2016,23,26, ,6, , 
25/08/2016,35,44, ,8, , 
26/08/2016,56,37, ,7, , 
27/08/2016,54,26, ,4, , 
28/08/2016,45,26, ,6, , 
29/08/2016,36,32, ,7, , 
30/08/2016,47,34, ,7, , 
31/08/2016,51,29,22,7, , 
01/09/2016,44,31,32,7, , 
02/09/2016,49,29,37,6, , 
03/09/2016,40,30,43,6, , 
04/09/2016,43,29,37,5, , 
05/09/2016,39,34,34, , , 
06/09/2016,38,20,30, , , 
07/09/2016,29,16,33, , , 
08/09/2016,23,22,31, , , 
09/09/2016,30,30,35, , , 
10/09/2016,44,28,36, , , 
11/09/2016,43,36,34, , , 
12/09/2016,61,33,31, , , 
13/09/2016,52,37,27, , , 
14/09/2016,56,40,21,5, , 
15/09/2016,57,11,15,6, , 
16/09/2016,54,29,20,6, , 
17/09/2016,38,18,29,8, , 
18/09/2016,25,32,28,6, , 
19/09/2016,28,31,27,7, , 
20/09/2016,21,23,34,5, , 
21/09/2016,11,19,30,7, , 
22/09/2016,15,9,33,8, , 
23/09/2016,22,40,34,12, , 
24/09/2016,43,37,37,10, , 
25/09/2016,42,26,36,6, , 
26/09/2016,37,36,35,10, , 
27/09/2016,46,23,37,3, , 
28/09/2016,39,24,38,3, , 
29/09/2016,32,37,26,19, , 
30/09/2016,47,37,25,16, , 
01/10/2016,43,53,21,11, , 
02/10/2016,51,49,17,18, , 
03/10/2016,64,52,24,17, , 
04/10/2016,74,32,25,20, , 
05/10/2016,39,33,29,24, , 
06/10/2016,42,47,22,14, , 
07/10/2016,56,23,33,17, , 
08/10/2016,32,36,28,21, , 
09/10/2016,50,34,24,17, , 
10/10/2016,42,26,27,16, , 
11/10/2016,15,32,30,20, , 
12/10/2016,9,39,22,19, , 
13/10/2016,29,51,23,12, , 
14/10/2016,27,80,18,11, , 
15/10/2016,66,60,29,7, , 
16/10/2016,76,36,32,11, , 
17/10/2016,36,41,138,26, , 
18/10/2016,48,40,131,21, , 
19/10/2016,49,31,24,17, , 
20/10/2016,40,47,26,12, , 
21/10/2016,59,30,22,18, , 
22/10/2016,23,41,20,17, , 
23/10/2016,62,37,22,8, , 
24/10/2016,48,38,19,16, , 
25/10/2016,41,45,15,16, , 
26/10/2016,63,49,17,16, , 
27/10/2016, ,24,21,10, , 
28/10/2016, ,29,24,5, , 
29/10/2016, ,40,26,13, , 
30/10/2016, ,40,21,25, , 
31/10/2016, ,37,26,22, , 
01/11/2016, ,44,22,29, , 
02/11/2016, ,39,17,22, , 
03/11/2016, ,47,21,26, , 
04/11/2016, ,50,29,21, , 
05/11/2016, ,40,29,9, , 
06/11/2016, ,51,23,14, , 
07/11/2016, ,143,28,5, , 
08/11/2016, ,36,27,9, , 
09/11/2016, , ,21,17, , 
10/11/2016, , ,16,28, , 
11/11/2016, , ,23,17, , 
12/11/2016, , ,24,19, , 
13/11/2016, , ,20,29, , 
14/11/2016, , ,25, , , 
15/11/2016, , ,23,19, , 
16/11/2016, , ,18,11, , 
17/11/2016, , ,21, , , 
18/11/2016, , ,23, , , 
19/11/2016, , ,28, , , 
20/11/2016, , ,19, , , 
21/11/2016, , ,17, , , 
22/11/2016, , ,24,27, , 
23/11/2016, , ,23,20, , 
24/11/2016, , ,24,20, , 
25/11/2016, , ,21,23, , 
26/11/2016, , ,20,26, , 
27/11/2016, , ,26,23, , 
28/11/2016, , ,26,14, , 
29/11/2016, , ,26,15, , 
30/11/2016, ,35,21,23, , 
01/12/2016,41,25,24,19, , 
02/12/2016,28,53,18,33, , 
03/12/2016,60,49,24,26, , 
04/12/2016,56,39,24,23, , 
05/12/2016,47,40,14,25, , 
06/12/2016,40,22,25,15, , 
07/12/2016,35,13,30,6, , 
08/12/2016,23,44,19,28, , 
09/12/2016,52,42,18,26, , 
10/12/2016,51,36,22,23, , 
11/12/2016,49,26,24,20, , 
12/12/2016,36,23,27,13, , 
13/12/2016,30,39,18,34, , 
14/12/2016,48,18,27,19, , 
15/12/2016,30,13,31,6, , 
16/12/2016,26,15,32,4, , 
17/12/2016,26,17,29,8, , 
18/12/2016,24,28,26,13, , 
19/12/2016,32,85,28,17, , 
20/12/2016,87,101,19,29, , 
21/12/2016,92,24,26,15, , 
22/12/2016,38,50,21,31, , 
23/12/2016,59,47,19,28, , 
24/12/2016,61,31,23,20, , 
25/12/2016,40,36,22,24, , 
26/12/2016,46,26,19,20, , 
27/12/2016,39,17,24,14, , 
28/12/2016,26,16,29,8, , 
29/12/2016,22,15,27,11, , 
30/12/2016,25,17,26,15, , 
31/12/2016,28,38,17,29, , 
01/01/2017,55,34,19,27, , 
02/01/2017,52,39,24,24, , 
03/01/2017,52,27,26,15, , 
04/01/2017,34,22,29,8, , 
05/01/2017,31,13,31,8, , 
06/01/2017,19,13,32,6, , 
07/01/2017,19,9,33,10, , 
08/01/2017,19,17,30,14, , 
09/01/2017,25,21,30,17, , 
10/01/2017,31,34,31,21, , 
11/01/2017,42,48,14,34, , 
12/01/2017,51,36,28,22, , 
13/01/2017,17,33,25,16, , 
14/01/2017,21,12,28,11, , 
15/01/2017,23,17,29,13, , 
16/01/2017,61,13,31,10,6, 
17/01/2017,19,18,25,11,3, 
18/01/2017,30,42,21,29, , 
19/01/2017,51,49,29,18, , 
20/01/2017,61,49,30,7, , 
21/01/2017,52,36,29,9, , 
22/01/2017,45,68,22,25, , 
23/01/2017,72,58,26,27, , 
24/01/2017,62,36,22,26, , 
25/01/2017,47,65,20,31, , 
26/01/2017,71,60,16,35, , 
27/01/2017,72,39,31,24, , 
28/01/2017,49,13,32,13, , 
29/01/2017,22,36,27,18, , 
30/01/2017,48,52,23, , , 
31/01/2017,64,61,25,28, , 
01/02/2017,72,31,23,18, , 
02/02/2017,36,37,24,19, , 
03/02/2017,38,47,23,20, , 
04/02/2017,48,32,29,10, , 
05/02/2017,28,26,33,8, , 
06/02/2017,24,23, ,16, , 
07/02/2017,32,36, ,24, , 
08/02/2017,42,22, ,17, , 
09/02/2017,27,25, ,18, , 
10/02/2017,30,46, ,32, , 
11/02/2017,55,44, ,25, , 
12/02/2017,57,38, ,26, , 
13/02/2017,45,18, ,13, , 
14/02/2017,31,17,32,14, , 
15/02/2017,34,49,29,31, , 
16/02/2017,61,53,24,29, , 
17/02/2017,65,55,24,25, , 
18/02/2017,64,47,30,15, , 
19/02/2017,52,30,32,13, , 
20/02/2017,38,21,31,14, , 
21/02/2017,28,34,29,25, , 
22/02/2017,41,36,27,21, , 
23/02/2017,42,52,22,26, , 
24/02/2017,55,77,29,9, , 
25/02/2017,79,48,26,10, , 
26/02/2017,54,42,28,11, , 
27/02/2017,48,52,29,15, , 
28/02/2017,49,44,25,17, , 
01/03/2017,44,33,29,17, , 
02/03/2017,35,36,28,22, , 
03/03/2017,42,25,27,17, , 
04/03/2017,33,27,30,12, , 
05/03/2017,30,28,33,15, , 
06/03/2017,27,33,34, , , 
07/03/2017,34,29,36, , , 
08/03/2017,34,27,35, , , 
09/03/2017,33,33,32, , , 
10/03/2017,38,21,35, , , 
11/03/2017,21,20,37, , , 
12/03/2017,31,36,38, , , 
13/03/2017,46,17,40,10, , 
14/03/2017,31,22,40,14, , 
15/03/2017,38,23,45,9, , 
16/03/2017,44,30,41,16, , 
17/03/2017,32,29,42,15, , 
18/03/2017,29,25,43,12, , 
19/03/2017,42,39,30,29, , 
20/03/2017,56,27,31,10, , 
21/03/2017,40,36,30,16, , 
22/03/2017,45,30,26,24, , 
23/03/2017,38,38,21,31, , 
24/03/2017,48,26,28,16, , 
25/03/2017,43,33,27,17, , 
26/03/2017,47,36,32,16, , 
27/03/2017,41,24,33,18, , 
28/03/2017,29,26,34,18, , 
29/03/2017,30,27,35,20, , 
30/03/2017,16,31,42,18, , 
31/03/2017,28,27,46,15, , 
01/04/2017,43,25,41,13, , 
02/04/2017,35,19,39,12, , 
03/04/2017,23,17,36,13, , 
04/04/2017,29,27,35,16, , 
05/04/2017,39,34,37,16, , 
06/04/2017,47,38,37,27, , 
07/04/2017,56,19,41,8, , 
08/04/2017,42,15,40,5, , 
09/04/2017,26,21,41,9, , 
10/04/2017,34,22,33,16, , 
11/04/2017,38,35,36,21, , 
12/04/2017,52,29,34,16, , 
13/04/2017,45,19,42,8, , 
14/04/2017,37,19,42,15, , 
15/04/2017,35,27,40,12, , 
16/04/2017,45,40,32,10, , 
17/04/2017,48,28,35,12, , 
18/04/2017,40,31,37,16, , 
19/04/2017,62,24,40,16, , 
20/04/2017,48,16,41,12, , 
21/04/2017,28,17,41,16, , 
22/04/2017,34,17,45,13, , 
23/04/2017,31,29,36,23, , 
24/04/2017,49,27,32,17, , 
25/04/2017,44,42,30,12, , 
26/04/2017,58,38,29,21, , 
27/04/2017,51,40,27,20, , 
28/04/2017,52,69,31,13, , 
29/04/2017,81,28,47,10, , 
30/04/2017,31,27,44,13, , 
01/05/2017,39,25,35,14, , 
02/05/2017,38,27,29,19, , 
03/05/2017,32,30,29,23, , 
04/05/2017,42,22,31,9, , 
05/05/2017,23,39,32,20, , 
06/05/2017,60,21,33,10, , 
07/05/2017,34,27,32,11, , 
08/05/2017,35,36,38,12, , 
09/05/2017,45,27,34,18, , 
10/05/2017,43,51,41,16, , 
11/05/2017,55,91,33,19, , 
12/05/2017,104,65,30,16, , 
13/05/2017,77,54,31,13, , 
14/05/2017,71,31,28,20, , 
15/05/2017,49,23,36,16, , 
16/05/2017,47,17,38,17, , 
17/05/2017,39,29,35,21, , 
18/05/2017,43, , , , , 
20/05/2017, ,28,34,7, , 
21/05/2017,31,23,34,15, , 
22/05/2017,39,24,31,20, , 
23/05/2017,49,14,31,17, , 
24/05/2017,44,9,34,10, , 
25/05/2017,45,22,38,15, , 
26/05/2017,60,14,42,14, , 
27/05/2017,36,18,41,15, , 
28/05/2017,48,19,36,16, , 
29/05/2017,59,16, ,19, , 
30/05/2017,38, ,27,18, , 
31/05/2017,45, ,33,20, , 
01/06/2017,46, ,33,26, , 
02/06/2017,60, ,39,19, , 
03/06/2017,52, ,43,17, , 
04/06/2017,47, ,35,15, , 
05/06/2017,58, ,38,15, , 
06/06/2017,56, ,35,10, , 
07/06/2017,64, ,28,14, , 
08/06/2017,37, ,24,12, , 
10/06/2017, ,20,26,10, , 
11/06/2017,42,21,37,13, , 
12/06/2017,45,15,37,16,1, 
13/06/2017,54,24,32,12, , 
14/06/2017,54,24,26,14, , 
15/06/2017,45,24,23,15, , 
16/06/2017,51,32,30,10, , 
17/06/2017,65,26,33,6, , 
18/06/2017,46,30,33,16, , 
19/06/2017,49,28,39,14, , 
20/06/2017,54,23,32,11, , 
21/06/2017,41,21,26,18, , 
22/06/2017,45,25,31,15, , 
23/06/2017,51,31,23,14, , 
24/06/2017,67,21,34,10, , 
25/06/2017,36,25,29,13, , 
26/06/2017,47,27,32,17, , 
27/06/2017,48,15,33,19, , 
28/06/2017,52,44,29,16, , 
29/06/2017,81,41,12,14, , 
30/06/2017,54,49,22,14, , 
01/07/2017,77,36,22,6, , 
02/07/2017,43,24,23,11, , 
03/07/2017,39,27,29,20, , 
04/07/2017,43,27,27,15, , 
05/07/2017,46,23,24,17, , 
06/07/2017,42,30,22,21, , 
07/07/2017,59,28,28,25, , 
08/07/2017,58,24,37,22, , 
09/07/2017,52,32,30,26, , 
10/07/2017,61,37,28,28, , 
11/07/2017,68,28,28,21, , 
12/07/2017,42,36,28,4, , 
13/07/2017,77,76,25,6, , 
14/07/2017,85,41,24,6, , 
15/07/2017,59,39,24,6, , 
16/07/2017,53,13,36,7, , 
17/07/2017,42, , , , , 
24/07/2017, ,47,26,2, , 
25/07/2017,86,20,23,3, , 
26/07/2017,44,23,28,2, , 
27/07/2017,51,38,21,6, , 
28/07/2017,61,34,13,10, , 
29/07/2017,60,39,10,18, , 
30/07/2017,32, , , , , 
31/07/2017, ,25,10,6, , 
01/08/2017,71,10,12,23, , 
02/08/2017,23,28,8,22, , 
03/08/2017,59,13,13,24, , 
04/08/2017,46,33,13,23, , 
05/08/2017,72,30,3,21, , 
06/08/2017,28, , , , , 
07/08/2017, ,81,6,22, , 
08/08/2017,31,774,14,12, , 
09/08/2017,169,50,9,10, , 
10/08/2017,18,93,16,5, , 
11/08/2017,168,40,13,11, , 
12/08/2017,64,30,15,12, , 
13/08/2017,44,40,20,5,1, 
14/08/2017,57,13,17,13, , 
15/08/2017,27,23,21,4, , 
16/08/2017,70,14,11,7, , 
17/08/2017,52,22,20,4, , 
18/08/2017,61,57,19,6, , 
19/08/2017,90,34,14,13, , 
20/08/2017,94,42,21,2, , 
21/08/2017,52,31,16,4, , 
22/08/2017,49,18,14,5, , 
23/08/2017,53,38,7,16, , 
24/08/2017,65,15,21,7, , 
25/08/2017,36,24,18,8, , 
26/08/2017,64,42,19,8, , 
27/08/2017,57, , , , , 
31/12/2017, ,30,15,6, , 
01/01/2018,34,33,15,2, , 
02/01/2018,29,32,15,4, , 
03/01/2018,40,39,12,3, ,3
04/01/2018,44,30,11,6, ,2
05/01/2018,33,39,11,10, ,5
06/01/2018,52,29,11,5, ,1
07/01/2018,32,48,12,5, ,2
08/01/2018,51,50,17,6, ,2
09/01/2018,55,36,14,5, ,1
10/01/2018,33,31,13,8, ,3
11/01/2018,34,23,11,9, ,4
12/01/2018,28,22,13, , ,2
13/01/2018,27,30,12, , ,3
14/01/2018,33,55,8, , ,7
15/01/2018,62,48,14, , ,4
16/01/2018,54,31,15, , ,2
17/01/2018,35,39,16,8, ,2
18/01/2018,35,43,12,9, ,4
19/01/2018,40,43,13,9, ,5
20/01/2018,33,32,14,3, ,2
21/01/2018,39,45,14,4, ,2
22/01/2018,49,39,15,3, ,1
23/01/2018,45,21,15,5, ,2
24/01/2018,22,45,9,10, ,5
25/01/2018,53,45,10,9, ,6
26/01/2018,59,35,12,8, ,3
27/01/2018,44,26,15,6, ,3
28/01/2018,36,43,10,9, ,7
29/01/2018,58,41,11,9, ,4
30/01/2018,54,37,11,9, ,197
31/01/2018,47,43,13,6, , 
01/02/2018,58,39,12,4, , 
02/02/2018,43,63,13,4, , 
03/02/2018,74,22,13,5, , 
04/02/2018,20,39,13,8, , 
05/02/2018,48,56,15,4, , 
06/02/2018,67,68,15,3, , 
07/02/2018,69,42,11,7, , 
08/02/2018,43,28,15,6, , 
09/02/2018,41,13,16,2, , 
10/02/2018,11,18,14,5, , 
11/02/2018,19,21,12,7, , 
12/02/2018,26,31,17,3, , 
13/02/2018,30,25,16,5, , 
14/02/2018,25,21,17,4, , 
15/02/2018,19,29,16,8, , 
16/02/2018,37,52,15,9, , 
17/02/2018,72,37,15,9, , 
18/02/2018,50,32,12,7, , 
19/02/2018,38,24,13,6, , 
20/02/2018,25,20, ,7, , 
21/02/2018,20,43,13,9, , 
22/02/2018,49,29,13,5, , 
23/02/2018,26,11,16,5, , 
24/02/2018, ,42,17,4, , 
25/02/2018,27,21,18,4, , 
26/02/2018,26,36,15,6, , 
27/02/2018,49,33,15,6, , 
28/02/2018,44,38,16,3, , 
01/03/2018,48,63,12,6, , 
02/03/2018,82,145,12,7, , 
03/03/2018,103,64,13,8, , 
04/03/2018,74,46,16,4, , 
05/03/2018,63,56,15,5, ,161
06/03/2018,48,67,16,6, ,67
07/03/2018,61,36,16,5, ,2
08/03/2018,23,34,14,7, ,2
09/03/2018, ,32,15,5, ,2
10/03/2018, ,48,15,2, ,1
11/03/2018, ,37,15,5, ,1
12/03/2018,341,32,16,5, ,2
13/03/2018, ,30,15,6, ,2
14/03/2018, ,35,18,6, ,3
15/03/2018, ,51,16,3, ,1
16/03/2018, ,56,16,3, ,1
17/03/2018, ,44,18,2, ,1
18/03/2018, ,42,18,2, ,1
19/03/2018, ,27,20,3, ,1
20/03/2018, ,32,18,5, ,2
21/03/2018, ,19,19,3, ,1
22/03/2018, ,20,18,4, ,1
23/03/2018, ,19,18,5, ,2
24/03/2018, ,62,19,3, ,1
25/03/2018, ,52,17,4, ,1
26/03/2018, ,29,18,6, ,2
27/03/2018, ,30,18,5, ,2
28/03/2018, ,31,16,4, ,2
29/03/2018, ,20,17,3, ,1
30/03/2018, ,39,20,1, ,1
31/03/2018, ,30,19,2, ,1
01/04/2018, ,30,20,6, ,2
02/04/2018, ,30,16,7, ,3
03/04/2018, ,26,18,5, ,2
04/04/2018, ,6,18,4, ,2
05/04/2018, ,6,17,5, , 
06/04/2018, , ,17,9, , 
07/04/2018, , ,18,5, , 
08/04/2018, , ,17,4, , 
09/04/2018, , ,16,7, , 
10/04/2018, , ,17,6, , 
11/04/2018, , ,16,5, , 
12/04/2018, , ,28,4, , 
13/04/2018, , ,44, , , 
14/04/2018, , ,40, , , 
15/04/2018, , ,38, , , 
16/04/2018, , ,37, ,1, 
17/04/2018, , ,34, , , 
18/04/2018, , ,34, , , 
19/04/2018, , ,36,20, , 
20/04/2018, , ,36,18, , 
21/04/2018, , ,36,20, , 
22/04/2018, , ,31,20, , 
23/04/2018, , ,30,24, , 
24/04/2018, , ,39,25, , 
25/04/2018, , ,36,24, , 
26/04/2018, , ,47,10, , 
27/04/2018, , ,48,10, , 
28/04/2018, , ,53,11, , 
29/04/2018, , ,33,16, , 
30/04/2018, , ,37,13, , 
01/05/2018, , ,40,10, , 
02/05/2018, , ,38,7, , 
03/05/2018, , ,38,14, , 
04/05/2018, , ,32,24, , 
05/05/2018, , ,35,15, , 
06/05/2018, , ,36,15,1, 
07/05/2018, , ,35,16, , 
08/05/2018, , ,35,12, , 
09/05/2018, , ,35,13, , 
10/05/2018, , ,34,12, , 
11/05/2018, , ,44,11, , 
12/05/2018, , ,35,12, , 
13/05/2018, , ,34,13, , 
14/05/2018, , ,32,15, , 
15/05/2018, , ,36,15, , 
16/05/2018, , ,35,11, , 
17/05/2018, , ,37,9, , 
18/05/2018, , ,41,8, , 
19/05/2018, , ,44,7, , 
20/05/2018, , ,36,11, , 
21/05/2018, , ,33,12, , 
22/05/2018, , ,38,11, , 
23/05/2018, , ,34,15, , 
24/05/2018, , ,31,22, , 
25/05/2018, , ,41,19, , 
26/05/2018, , ,42,19, , 
27/05/2018, , ,26,20, , 
28/05/2018, , ,32,14, , 
29/05/2018, , ,36,12, , 
30/05/2018, , ,31,17, , 
31/05/2018, , ,29,22, , 
01/06/2018, , ,29,20, , 
02/06/2018, , ,32,16, , 
03/06/2018, , ,25,17, , 
04/06/2018, , ,29,15, , 
05/06/2018, , ,35,13, , 
07/06/2018, , ,27,11, , 
08/06/2018, , ,33,9, , 
09/06/2018, , ,34,12, , 
10/06/2018, , ,31,20, , 
11/06/2018, , ,28,17, , 
12/06/2018, , ,23,11, , 
13/06/2018, , , ,11, , 
14/06/2018, , , ,11, , 
15/06/2018, , , ,9, , 
16/06/2018, , , ,8, , 
17/06/2018, , , ,11, , 
18/06/2018, , , ,16, , 
19/06/2018, , , ,15, , 
20/06/2018, , , ,17, , 
21/06/2018, , , ,17, , 
22/06/2018, , , ,13, , 
23/06/2018, , , ,13, , 
24/06/2018, , ,31,17, ,2
25/06/2018, , ,30,16, ,2
26/06/2018, , ,31,13, ,2
27/06/2018, , ,35,16, ,2
28/06/2018, , ,36,12, ,2
29/06/2018, , ,34,16, ,3
30/06/2018, , ,32,15, ,2
01/07/2018, , ,32,15, ,2
02/07/2018, , ,25,17, ,3
03/07/2018, , ,23,14, ,3
04/07/2018, , ,21,17, ,2
05/07/2018, , ,21,19, ,3
06/07/2018, , ,28,11, ,2
07/07/2018, , ,31,10, ,1
08/07/2018, , ,32,10, ,1
09/07/2018, , ,29,15, ,3
10/07/2018, , ,33,15, ,2
11/07/2018, , ,33,13, ,2
12/07/2018, , ,35,19, ,2
13/07/2018, , ,29,27, ,3
14/07/2018, , ,30,26, ,3
15/07/2018, , ,27,10, ,2
16/07/2018, , ,24,15, ,3
17/07/2018, , ,31,11, ,2
18/07/2018, , ,32,12, ,1
19/07/2018, , ,31,16, ,2
20/07/2018, , ,40,18, ,2
21/07/2018, , ,36,17, ,2
22/07/2018, , ,30,9, ,2
23/07/2018, , ,28,16, ,2
24/07/2018, ,27,33,12, ,2
25/07/2018,44,29,36,14, ,2
26/07/2018,43,33,39,16, ,2
27/07/2018,56,27,31,18, ,3
28/07/2018,46,28,32,18, ,3
29/07/2018,47,34,37,18, ,3
30/07/2018,64,36,38,17, ,3
31/07/2018,56,37,22,13, ,3
01/08/2018,60,31,17,17, ,3
02/08/2018,44,33,22,15, ,2
03/08/2018,56,32,27,13, ,3
04/08/2018,55,31,24,11, ,3
05/08/2018,57,30,25,11, ,3
06/08/2018,54,30,26,10, ,3
07/08/2018,52,27,27,15, ,3
08/08/2018,52,27,28,12, ,3
09/08/2018,57,32,27,13, ,3
10/08/2018,54,36,30,16, ,2
11/08/2018,59,33,28,15, ,3
12/08/2018,67,35,28,14, ,3
13/08/2018,63,31,24,11, ,2
14/08/2018,62,26,23,13, ,3
15/08/2018,46,23,29,7, ,1
16/08/2018,32,23,30,10, ,1
17/08/2018,35,38,28,11, ,2
18/08/2018,60,23,29,11, ,3
19/08/2018,42,20,30,10, ,1
20/08/2018,24,27,33,12, ,1
21/08/2018,38,29,31,19, ,2
22/08/2018,43,23,30, , ,2
23/08/2018,39,27,30, , ,2
24/08/2018,43,29,36,12, ,1
25/08/2018,46,26,33,10, ,2
26/08/2018,40,29,29,7, ,1
27/08/2018,33,23,32,10, ,1
28/08/2018,40,29,30,16, ,2
29/08/2018,44,26,36,22, ,3
30/08/2018,43,29,32,17, ,2
31/08/2018,47,23,27,16, ,2
01/09/2018,42,19,24,9, ,2
02/09/2018,33,33,22,8, ,2
03/09/2018,51,38,21,14, ,3
04/09/2018,59,38,26,19, ,3
05/09/2018,62,40,24,20, ,4
06/09/2018,59,50,18,12, ,2
07/09/2018,64,41,27,15, ,2
08/09/2018,56,34,27,14, ,2
09/09/2018,53,33,24,13, ,3
10/09/2018,52,34,24,17, ,3
11/09/2018,56,26,23,18, ,3
12/09/2018,49,33,36,17, ,3
13/09/2018,54,32,32,17, ,2
14/09/2018,45,31,27,15, ,2
15/09/2018,52,25,32,14, ,3
16/09/2018,35,31,33,14, ,2
17/09/2018,19,36,26,18, ,3
18/09/2018,16,29,21,18, ,3
19/09/2018, ,36,20,16, ,3
20/09/2018,36,33,19,21, ,2
21/09/2018,53,36,24,22, , 
22/09/2018,53,26,25,17, , 
23/09/2018,53,30,28,17, , 
24/09/2018,51,26,21,17, , 
25/09/2018,45,25,31,7, ,1
26/09/2018,42,22,36,6, ,1
27/09/2018,41,24,35,9, ,1
28/09/2018,38,699,33,16, ,2
29/09/2018,52,776,29,25, ,3
30/09/2018,56,647,34,25, ,4
01/10/2018,58,45,32,21, ,3
02/10/2018,48,34,24,24, ,4
03/10/2018,44,46,21,24, ,3
04/10/2018,61,41,19,29, ,5
05/10/2018,54,41,28,24, ,4
06/10/2018,53,42,36,27, ,4
07/10/2018,55,48,27,18, ,4
08/10/2018,64,42,27,25, ,5
09/10/2018,63,24,31,18, ,2
10/10/2018,42,42,20,30, ,5
11/10/2018,59,53,18,26, ,5
12/10/2018,72,24,27,17, ,2
13/10/2018,44,19,29,14, ,2
14/10/2018,37,35,25,24, ,5
15/10/2018,48,48,25,25, ,6
16/10/2018,69,36,25,15, ,2
17/10/2018,55,43,30,15, ,2
18/10/2018,67,33,31,14, ,2
19/10/2018,50,44,34,8, ,2
20/10/2018,68,47,36,16, ,3
21/10/2018,69,45,24,20, ,3
22/10/2018,62,33,30,17, ,2
23/10/2018,41,35,31,15, ,2
24/10/2018,53,54,28,29, ,6
25/10/2018,69,51,24,25, ,5
26/10/2018,68,32,25,15, ,3
27/10/2018,43,77,27,6, ,2
28/10/2018,87,142,27,9, ,2
29/10/2018,116,80,28,23, ,3
30/10/2018,85,51,21,23, ,4
31/10/2018,68,58,18,20, ,4
01/11/2018,86,36,20,16, ,2
02/11/2018,38,32,26,10, ,2
03/11/2018,46,41,27,23, ,4
04/11/2018,44,52,10,28,1,6
05/11/2018,60,53, ,30,1,6
06/11/2018,62,40,16,23, ,4
07/11/2018,49,44,23,25, ,4
08/11/2018,49,46,21,31, ,6
09/11/2018,57,36,22,25, ,4
10/11/2018,48,21,32,5, ,1
11/11/2018,43,29,31,10, ,2
12/11/2018,51,23,29,18, ,3
13/11/2018,38,30,21,33,1,5
14/11/2018,71,48,15,35,1, 
15/11/2018,76,34,25,23, , 
16/11/2018,58,18,30,6, , 
17/11/2018,30,26,27,15, , 
18/11/2018,36,37,24,25, ,4
19/11/2018,51,58,24, , ,2
20/11/2018,72,41,23,26, ,4
21/11/2018,50,49,20,31,1,7
22/11/2018,62,57,16,36,1,9
23/11/2018,76,34,24,16, ,2
24/11/2018,45,35,26,10, ,2
25/11/2018,42,25,26,14, ,2
26/11/2018,33,30,28,10, ,1
27/11/2018,38,24,25,11, ,2
28/11/2018,37,29,23,21, ,4
29/11/2018,43,46,16,34, ,8
30/11/2018,65,35,16,30, ,6
01/12/2018,57,22,26,15, ,3
02/12/2018,34,32,21,23, ,4
03/12/2018,48,33,26,15, ,2
04/12/2018,45,39,23,23, ,5
05/12/2018,53,44,17,30, ,6
06/12/2018,60,27,29,20, ,3
07/12/2018,47,32,24,18, ,3
08/12/2018,39,28,27,8, ,1
09/12/2018,41,34,28,12, ,2
10/12/2018,45,32,26,18, ,2
11/12/2018,44,30,25,27, ,4
12/12/2018,58,32,30,21, ,4
13/12/2018,55,26,30,16, ,2
14/12/2018,32,41,29,16, ,2
15/12/2018,49,22,31,14, ,2
16/12/2018,36,31,28,14, ,2
17/12/2018,40,29,26,15, ,2
18/12/2018,40,41,24,32, ,7
19/12/2018,55,60,19,38,1,10
20/12/2018,83,41,16,30, ,6
21/12/2018,60,27,24,21, ,3
22/12/2018,41,25,26,14, ,2
23/12/2018,37,18,26,12, ,2
24/12/2018,31,25,27,9, ,2
25/12/2018,34,23,25,17, ,2
26/12/2018,34,33,20,28, ,6
27/12/2018,53,37,20,31, ,6
28/12/2018,56,36,21,30, ,7
29/12/2018,58,22,23,23, ,4
30/12/2018,46, , , , , 
31/12/2018, ,16,28,10, ,1
01/01/2019,26,24,24,15, ,2
02/01/2019,34,19,27,9, ,1
03/01/2019,26,15,27,12, ,1
04/01/2019,24,14,28,9, ,1
05/01/2019,25,21,26,17, ,3
06/01/2019,33,48,21,35, ,8
07/01/2019,66,21,29,18, ,2
08/01/2019,34,18,31,8, ,1
09/01/2019,28,30,30,18, ,2
10/01/2019,40,41,15,34, ,6
11/01/2019,64,20,26,11, ,2
12/01/2019,30,18,25,9, ,1
13/01/2019,29,25,27,10, ,2
14/01/2019,38,36,30,16, ,2
15/01/2019,48,44,21,28, ,5
16/01/2019,53,32,21,24, ,3
17/01/2019,45,64,16,37, ,10
18/01/2019,85,42,22,24, ,4
19/01/2019,56,26,26,21, ,3
20/01/2019,40,53,21,29, ,8
21/01/2019,75,30,20,21, ,3
22/01/2019,36,17,21,19, ,2
23/01/2019,29,20,28,15, ,2
24/01/2019,31,22,31,14, ,2
25/01/2019,33,30,30,11, ,2
26/01/2019,43,21,29,13, ,2
27/01/2019,42,35,24,22, ,4
28/01/2019,45,22,27,20, ,3
29/01/2019,37,21,29,14, ,2
30/01/2019,32,34,28,20, ,3
31/01/2019,43,48,25,22, ,4
01/02/2019,63,47,26,12, ,1
02/02/2019,54,31,32,13, ,2
03/02/2019,40,39,25,31, ,5
04/02/2019,53, , , , , 
14/02/2019, ,3,26,27, ,17
15/02/2019,14,25,34,8, ,2
16/02/2019,18,31,30,25, ,4
17/02/2019,49,43,25,31, ,7
18/02/2019,70,48,27,27, ,6
19/02/2019,65,55,27, , ,8
20/02/2019,81,58,28, , ,8
21/02/2019,85,38,26,19, ,3
22/02/2019,68,24,31,11, ,1
23/02/2019,40,25,35,2, ,1
24/02/2019,42,37,35,8, ,2
25/02/2019,52,42,28, , ,3
26/02/2019,56,39,30, , ,3
27/02/2019,54,51,28, , ,7
28/02/2019,76,50,35, , ,3
01/03/2019,64,52,35, , ,1
02/03/2019,64,33,30, , ,2
03/03/2019,46,36,33, , ,3
04/03/2019,55,31,30, , ,3
05/03/2019,54,35,34, , ,3
06/03/2019,62,27,28, , ,3
07/03/2019,44,36,22, , ,3
08/03/2019,53,47,21, , ,4
09/03/2019,69,30,28, , ,3
10/03/2019,52,31,31,13, ,2
11/03/2019,43,53,37,7, ,1
12/03/2019,57,20,36,11, ,1
13/03/2019,31,31,30,17, ,2
14/03/2019,40,35,10,26, ,2
15/03/2019,46,38,22,22, ,2
16/03/2019,53,16,23,14, ,1
17/03/2019,33,33,5,39, ,5
18/03/2019,56,30,6,31, ,2
19/03/2019,61,22,16,23, ,1
20/03/2019,46,31,17,25, ,2
21/03/2019,59,31,9,31, ,3
22/03/2019,65,28,13,29, ,2
23/03/2019,63,32,8,28, ,2
24/03/2019,67,32,11,26, ,2
25/03/2019,63,34,10,31, ,2
26/03/2019,57,26,12,38, ,3
27/03/2019,41,16, ,34, ,2
28/03/2019,19,23, ,29, ,2
29/03/2019,35,38, ,33, ,3
30/03/2019,60,25, ,28, ,2
31/03/2019,47,35, ,44, ,4
01/04/2019,55,29, ,40, ,4
02/04/2019,55,29, ,33, ,3
03/04/2019,55,29, ,31, ,3
04/04/2019,51,41, ,33, ,4
05/04/2019,66,28, ,23, ,3
06/04/2019,48,18,3,25, ,2
07/04/2019,36,21,5,26, ,2
08/04/2019,30,24,6,26, ,2
09/04/2019,36,22,4,30, ,3
10/04/2019,39,26,5,34, ,3
11/04/2019,42,27,34,20, ,2
12/04/2019,33,25,41,10, ,2
13/04/2019,41,27,44,8, ,2
14/04/2019,43,32,46,11, ,2
15/04/2019,43,30,42,20, ,3
16/04/2019,49,30,38,21, ,4
17/04/2019,48,31,37,23, ,4
18/04/2019,58,32,49,8, ,2
19/04/2019,74,25,48,9, ,2
20/04/2019,56,29,45,9, ,2
21/04/2019,55,55,44,10, ,2
22/04/2019,78,133,32,20, ,3
23/04/2019,159,95,35,13, ,3
24/04/2019,128,72,38,10, ,2
25/04/2019,117,45,39,12, ,2
26/04/2019,71,61,34,12, ,2
27/04/2019,87,28,33,9, ,1
28/04/2019,36,39,32,12, ,2
29/04/2019,44,34,34,13, ,2
30/04/2019,42,23,38,9, , 
01/05/2019,35,8,38,14, , 
02/05/2019,33,3,31,19, ,3
03/05/2019,44,44,40,11, ,2
04/05/2019,59,29,37,7, ,1
05/05/2019,39,36,36,9, ,1
06/05/2019,41,34,37,12, ,2
07/05/2019,44,31,35,15, ,3
08/05/2019,45,31,35,11, ,2
09/05/2019,37,40,32,12, ,2
10/05/2019,52,30,36,15, ,2
11/05/2019,44,29,34,8, ,2
12/05/2019,42,32,38,11, ,2
13/05/2019,47,21,32,14, ,2
14/05/2019,31,26,32,12, ,2
15/05/2019,38,21,36,12, ,2
16/05/2019,31,33,37,20, ,3
17/05/2019,46,32,39,13, ,2
18/05/2019,43,29,40,8, ,1
19/05/2019,40,22,39,13, ,2
20/05/2019,38,22,37,13, ,2
21/05/2019,31,20,33,17, ,2
22/05/2019,30,26,37,13, ,2
23/05/2019,39,26,40,14, ,2
24/05/2019,47,23,34,15, ,2
25/05/2019,42,38,38,8, ,2
26/05/2019,49,24,36,7, ,1
27/05/2019,31,26,33,9, ,1
28/05/2019,37,23,36,11, ,2
29/05/2019,38,33,26,12, ,2
30/05/2019,51,33,32,14, ,3
31/05/2019,52,25,31,12, ,2
01/06/2019,49,22,37,12, ,2
02/06/2019,44,25,41,13, ,2
03/06/2019,45,23,41,12, ,1
04/06/2019,35,26,35,13, ,2
05/06/2019,44,35,26,15, ,3
06/06/2019,54,26,28,13, ,2
07/06/2019,42,32,28,20, ,2
08/06/2019,40,56,26,33, ,5
09/06/2019,77,50,29,31, ,4
10/06/2019,68,57,28,27, ,4
11/06/2019,82,56,27,14, ,2
12/06/2019,76,58,29,14, ,3
13/06/2019,80,55,29,13, ,3
14/06/2019,78,57,31,19, ,3
15/06/2019,80,57,40,18, ,3
16/06/2019,80,59,30,26, ,3
17/06/2019,88,54,30,16, ,3
18/06/2019,84,49,29,16, ,2
19/06/2019,71,32,33,17, ,3
20/06/2019,52,36,35,25, ,4
21/06/2019,61,33,29,15, ,2
22/06/2019,52,30,30,7, ,2
23/06/2019,54,38,32,12, ,2
24/06/2019,45, , , , , 
08/07/2019, ,54,22,20, ,2
09/07/2019,85,56,28,12, ,2
10/07/2019,78,40,32,14, ,3
11/07/2019,63,32,31,10, ,2
12/07/2019,55,26,41,9, ,2
13/07/2019,40,30,33,11, ,2
14/07/2019,53,30,29,11, ,2
15/07/2019,53,33,36,12, ,2
16/07/2019,47,20,35,13, ,2
17/07/2019,44,23,32,10, ,2
18/07/2019,46,32,36,13, ,3
19/07/2019,62,33,37,12, ,2
20/07/2019,66,34,41,9, ,3
21/07/2019,64,30,33,14, ,3
22/07/2019,56,28,33,17, ,3
23/07/2019,54,32,33,15, ,3
24/07/2019,52,27,40,17, ,3
25/07/2019,55,29,35,17, ,3
26/07/2019,59, , , , , 
29/07/2019, ,29,27,13, ,2
30/07/2019,44,39,29,11, ,3
31/07/2019,52, , ,5, , 
01/08/2019, , , ,6, , 
02/08/2019, , , ,3, , 
03/08/2019, , , ,2, , 
04/08/2019, , , ,3, , 
05/08/2019, , , ,10, , 
06/08/2019, , , ,14, , 
07/08/2019, , , ,11, , 
08/08/2019, , , ,12, , 
09/08/2019, , , ,10, , 
10/08/2019, , , ,15, , 
11/08/2019, , , ,14, , 
12/08/2019, , , ,10, , 
13/08/2019, , , ,8, , 
14/08/2019, , , ,6, , 
15/08/2019, , , ,10, , 
16/08/2019, , , ,9, , 
17/08/2019, , , ,9, , 
18/08/2019, , , ,13, , 
19/08/2019, , , ,17, , 
20/08/2019, , , ,16, , 
21/08/2019, , , ,14, , 
22/08/2019, , , ,13, , 
23/08/2019, , , ,15, , 
24/08/2019, , , ,10, , 
25/08/2019, , , ,14, , 
26/08/2019, , , ,14, , 
27/08/2019, , , ,12, , 
28/08/2019, , , ,14, , 
29/08/2019, , , ,14, , 
30/08/2019, , , ,9, , 
31/08/2019, , , ,11, , 
01/09/2019, , , ,13, , 
02/09/2019, , , ,14, , 
03/09/2019, , , ,17, , 
04/09/2019, , , ,17, , 
05/09/2019, , , ,19, , 
06/09/2019, , , ,10, , 
07/09/2019, , , ,9, , 
08/09/2019, , , ,12, , 
11/09/2019, , , ,16, , 
12/09/2019, , , ,16, , 
13/09/2019, , , ,15, , 
14/09/2019, , , ,12, , 
15/09/2019, , , ,16, , 
16/09/2019, , , ,18, , 
17/09/2019, , , ,17, , 
18/09/2019, , , ,11, , 
19/09/2019, , , ,14, , 
20/09/2019, , , ,9, , 
21/09/2019, , , ,10, , 
22/09/2019, , , ,11, , 
23/09/2019, , , ,11, , 
24/09/2019, , , ,12, , 
25/09/2019, , , ,14, , 
26/09/2019, , , ,11, , 
27/09/2019, , , ,12, , 
28/09/2019, , , ,12, , 
29/09/2019, , , ,14, , 
30/09/2019, , , ,15, , 
01/10/2019, , , ,16, , 
02/10/2019, , , ,14, , 
03/10/2019, , , ,12, , 
04/10/2019, , , ,13, , 
05/10/2019, , , ,9, , 
06/10/2019, , , ,9, , 
07/10/2019, , , ,14, , 
08/10/2019, , , ,9, , 
09/10/2019, , , ,12, , 
10/10/2019, , , ,13, , 
11/10/2019, , , ,10, , 
12/10/2019, , , ,8, , 
13/10/2019, , , ,12, , 
14/10/2019, , , ,20, , 
15/10/2019, ,25, ,15, , 
16/10/2019,30,27, ,12, , 
17/10/2019,31,36, ,15, , 
18/10/2019,50,44, ,18, , 
19/10/2019,62,34, ,20, , 
20/10/2019,52,39, ,15, , 
21/10/2019,59,37, ,20, , 
22/10/2019,59,26, ,16, , 
23/10/2019,53,33, ,16, , 
24/10/2019,54,41, ,12, , 
25/10/2019,61,35, ,12, , 
26/10/2019,51,36, ,18, , 
27/10/2019,55,35, ,16, , 
28/10/2019,52,49, ,20, , 
29/10/2019,67,42, ,22, , 
30/10/2019,60,34, ,17, , 
31/10/2019,53,40, ,16, , 
01/11/2019,54,39, ,19, , 
02/11/2019,55,30, ,18, , 
03/11/2019,45,38, ,6, , 
04/11/2019,50,49, ,13, , 
05/11/2019,58,57, ,15, , 
06/11/2019,64,20, ,13, , 
07/11/2019,32,30, ,12, , 
08/11/2019,43,29, ,12, , 
09/11/2019,39,20, ,12, , 
10/11/2019,29,22, ,7, , 
11/11/2019,42,17, ,9, , 
12/11/2019,29,33, ,3, , 
13/11/2019,54,33,19,14, , 
14/11/2019,48,55,25,14, , 
15/11/2019,64,67,29,13, , 
16/11/2019,80,40,26,6, , 
17/11/2019,52,35,21,6, , 
18/11/2019,43,30,11,17, , 
19/11/2019,51,49,19,21, , 
20/11/2019,58,69,17,20, , 
21/11/2019,80,59,20,21, , 
22/11/2019,67,47,30,21, , 
23/11/2019,55,20,29,12, , 
24/11/2019,33,18,28,3, , 
25/11/2019,36,31,21,6, , 
26/11/2019,38,31,21,13, , 
27/11/2019,46,35,22,12, , 
28/11/2019,51,40,21,12, , 
29/11/2019,52,37,21,16, , 
30/11/2019,51,28,24,15, , 
01/12/2019,43,30,22,12, , 
02/12/2019,41,66, ,11, , 
03/12/2019,75,30, ,17, , 
04/12/2019,50,43, ,3, , 
05/12/2019,53,37, ,10, , 
06/12/2019,54,58, ,16, , 
07/12/2019,68,40, ,19, , 
08/12/2019,56,25, ,13, , 
09/12/2019,33,18, ,7, , 
10/12/2019,23, , ,11, , 
31/01/2020, ,34, ,18, , 
01/02/2020,49,22, ,10, , 
02/02/2020,32,27, ,12, , 
03/02/2020,38,39, ,8, , 
04/02/2020,47,41, ,5, , 
05/02/2020,26,19, ,7, , 
06/02/2020,21,32, ,21, , 
07/02/2020,40,40, ,28, , 
08/02/2020,56,33, ,26, , 
09/02/2020,52,30, ,18, , 
10/02/2020,40,37, ,12, , 
11/02/2020,48,35, ,15, , 
12/02/2020,51,38, ,25, , 
13/02/2020,52,34, ,18, , 
14/02/2020,45,27, ,16, , 
15/02/2020,39,32, ,26, , 
16/02/2020,43,34, ,30, , 
17/02/2020,49,25, ,20, , 
18/02/2020,39,26, ,14, , 
19/02/2020,36,35, ,15, , 
20/02/2020,42,30, ,21, , 
21/02/2020,40,19, ,12, , 
22/02/2020,31,22, ,11, , 
23/02/2020,34,28, ,13, , 
24/02/2020,37,27, ,14, , 
25/02/2020,38,35, ,18, , 
26/02/2020,50,30, ,13, , 
27/02/2020,35,31, ,13, , 
28/02/2020,44,29, ,11, , 
29/02/2020,40,33, ,7, , 
01/03/2020,42,46, ,28, , 
02/03/2020,65,23, ,13, , 
03/03/2020,36,18, ,10, , 
04/03/2020,22,24, ,14, , 
05/03/2020,30,24, ,12, , 
06/03/2020,29,16, ,12, , 
07/03/2020,11,19, ,11, , 
08/03/2020,22,24, ,15, , 
09/03/2020,24,18, ,13, , 
10/03/2020,22,26, ,16, , 
11/03/2020,36,28, ,16, , 
12/03/2020,40,22, ,12, , 
13/03/2020,29,34, ,15, , 
14/03/2020,44,23, ,5, , 
15/03/2020,42,22, ,5, , 
16/03/2020,40,23, ,9, , 
17/03/2020,34,12, ,8, , 
18/03/2020,17,13, ,4, , 
19/03/2020,22,23, ,8, , 
20/03/2020,38,21, ,3, , 
21/03/2020,25,28, ,2, , 
22/03/2020,32,27, ,10, , 
23/03/2020,47,26, ,6, , 
24/03/2020,37,30, ,4, , 
25/03/2020,49,19, ,5, , 
26/03/2020,19,24, ,10, , 
27/03/2020,36,23, ,8, , 
28/03/2020,29,18, ,10, , 
29/03/2020,26, , , , , 
31/03/2020, ,25, ,7, , 
01/04/2020,35,22, ,4, , 
02/04/2020,33,19, ,3, , 
03/04/2020,36,23, ,5, , 
04/04/2020,34,24, ,5, , 
05/04/2020,42,35, ,12, , 
06/04/2020,55,18, ,8, , 
07/04/2020,23,18, ,8, , 
08/04/2020,40,26, ,10, , 
09/04/2020,50,18, ,5, , 
10/04/2020,45,21, ,8, , 
11/04/2020,44,18, ,8, , 
12/04/2020,39,30, ,15, , 
13/04/2020,54,46, ,4, , 
14/04/2020,70,39, , , , 
15/04/2020,58,24, ,7, , 
16/04/2020,44,26, ,11, , 
17/04/2020,45,25, ,7, , 
18/04/2020,43,29, ,5, , 
19/04/2020,41,37, ,7, , 
20/04/2020,48,38, ,6, , 
21/04/2020,47,30, ,10, , 
22/04/2020,45,22, ,6, , 
23/04/2020,43,21, ,7, , 
24/04/2020,37,21, ,6, , 
25/04/2020,32,11, ,5, , 
26/04/2020,29,23, ,7, , 
27/04/2020,49,20, ,6, , 
28/04/2020,40,21, ,7, , 
29/04/2020,40,23, ,7, , 
30/04/2020,35,16, ,3, , 
01/05/2020,30,20, ,3, , 
02/05/2020,38,25, ,2, , 
03/05/2020,43,30, ,5, , 
04/05/2020,48,23, ,4, , 
05/05/2020,40,34, ,6, , 
06/05/2020,44,30, ,4, , 
07/05/2020,49,20, ,7, , 
08/05/2020,34,22, ,7, , 
09/05/2020,44,25, ,4, , 
10/05/2020,44,36, ,5, , 
11/05/2020,53,27, ,11, , 
12/05/2020,45,34, ,8, , 
13/05/2020,49,67, ,8, , 
14/05/2020,81,61, ,11, , 
15/05/2020,81,43, ,6, , 
16/05/2020,58,55, ,6, , 
17/05/2020,77,50, ,6, , 
18/05/2020,64,38, ,6, , 
19/05/2020,52,28, ,4, , 
20/05/2020,44,28, ,5, , 
21/05/2020,44,23, ,11, , 
22/05/2020,46,16, ,5, , 
23/05/2020,34,14, ,4, , 
24/05/2020,32,25, ,9, , 
25/05/2020,43,19, ,7, , 
26/05/2020,39,21, ,12, , 
27/05/2020,37,33, ,12, , 
28/05/2020,46,17, ,8, , 
29/05/2020,20,22, ,7, , 
30/05/2020,29,20, ,6, , 
31/05/2020,33,17, ,8, , 
01/06/2020,37,16, ,7, , 
02/06/2020, ,17, ,9, , 
03/06/2020, ,23, ,8, , 
04/06/2020,24,37, ,5, , 
05/06/2020,42,29, ,4, , 
06/06/2020,42,19, ,7, , 
07/06/2020,40,21, ,6, , 
08/06/2020,38,27, ,6, , 
09/06/2020,36,24, ,7, , 
10/06/2020,33,17, ,10, , 
11/06/2020,29,24, ,15, , 
12/06/2020,34,19, ,11, , 
13/06/2020,34,20, ,8, , 
14/06/2020,30,36, ,6, , 
15/06/2020,44,31, ,5, , 
16/06/2020,41,21, ,8, , 
17/06/2020,36,25, ,11, , 
18/06/2020,42,22, ,7, , 
19/06/2020,40,30, ,5, , 
20/06/2020,36,25, ,3, , 
21/06/2020,42,31, ,6, , 
22/06/2020,45,26, ,6, , 
23/06/2020,37,29, ,7, , 
24/06/2020,52, , ,7, , 
25/06/2020,36, , ,8, , 
26/06/2020,28, , ,7, , 
27/06/2020, , , ,6, , 
28/06/2020,24, , ,4, , 
29/06/2020,23, , ,8, , 
30/06/2020,25,3, ,9, , 
01/07/2020,24,2, ,9, , 
02/07/2020,21,7, ,7, , 
03/07/2020,27,44, ,5, , 
04/07/2020,75,26, ,3, , 
05/07/2020,68,29, ,7, , 
06/07/2020,62,16, ,7, , 
07/07/2020,48,19, ,7, , 
08/07/2020,47,25,22,8, , 
09/07/2020,53,25,28,9, , 
10/07/2020, ,26,23,6, , 
11/07/2020,29,25,28,4, , 
12/07/2020,19,24,33,10, , 
13/07/2020,35,26,30,7, , 
14/07/2020,32,26,29,10, , 
15/07/2020,29,22,38,8, , 
16/07/2020,26,29,35,6, , 
17/07/2020,22,27,31,5, , 
18/07/2020,22,28,30,4, , 
19/07/2020,24,22,28,6, , 
20/07/2020,26,22,29,9, , 
21/07/2020,24,16,33,8, , 
22/07/2020,21,22,33,11, , 
23/07/2020,27,27,34,10, , 
24/07/2020,34,32,31,5, , 
25/07/2020,19,31,35,4, , 
26/07/2020,25,22,34,9, , 
27/07/2020,21,19,35,12, , 
28/07/2020,38,21,34,10, , 
29/07/2020,36,26,42,10, , 
30/07/2020,43,24,28,10, , 
31/07/2020,39,24,33,6, , 
01/08/2020,36,39,33,5, , 
02/08/2020,57,33,27,6, , 
03/08/2020,52,35,28,7, , 
04/08/2020,45,33,31,8, , 
05/08/2020,27,26,34,7, , 
06/08/2020,27,32,33,7, , 
07/08/2020,43, , ,6, , 
08/08/2020, , , ,4, , 
09/08/2020, ,27,43,9, , 
10/08/2020,79,26,35,10, , 
11/08/2020,57,26,32,9, , 
12/08/2020,53,29,28,7, , 
13/08/2020,52,29,32,5, , 
14/08/2020,53,30,40,2, , 
15/08/2020,53,45,37,4, , 
16/08/2020,70,47,32,4, , 
17/08/2020,63,35,33,3, , 
18/08/2020,50,27,35,4, , 
19/08/2020,51,41,38,4, , 
20/08/2020,58,19,37,6, , 
21/08/2020,45,22,34,4, , 
22/08/2020,43,38,31,2, , 
23/08/2020,52,28,31,3, , 
24/08/2020,50,35,28,3, , 
25/08/2020,46, , ,3, , 
26/08/2020, , , ,2, , 
27/08/2020, , , ,5, , 
28/08/2020, , , ,2, , 
29/08/2020, , , ,1, , 
30/08/2020, ,26,18,3, , 
31/08/2020,39,20,32,3, , 
01/09/2020,29,30,36,5, , 
02/09/2020,45,29,31,4, , 
03/09/2020,52,23,32,2, , 
04/09/2020,41,14,36,3, , 
05/09/2020,27,17,34,3, , 
06/09/2020,36,38,25,5, , 
07/09/2020,52,53,28,3, , 
08/09/2020,74,23,34,2, , 
09/09/2020,51,31,42,6, , 
10/09/2020,58,30,31,4, , 
11/09/2020,52,38,33,5, , 
12/09/2020,51,28,35,3, , 
13/09/2020,47,28,35,3, , 
14/09/2020,51,32,37,2, , 
15/09/2020,50,29,35,4, , 
16/09/2020,48,44,36,4, , 
17/09/2020,69,39,37,5, , 
18/09/2020,64,41,44,5, , 
19/09/2020,78,37,43,4, , 
20/09/2020,73,28,31,3, , 
21/09/2020,57,33,25,4, , 
22/09/2020,59,48,23,3, , 
23/09/2020,65,30,30,4, , 
24/09/2020,50,39,27,5, , 
25/09/2020,64,27,28,4, , 
26/09/2020,34,31,30,5, , 
27/09/2020,44,33,26,7, , 
28/09/2020,45,29,27,9, , 
29/09/2020,39,30,32,8, , 
30/09/2020,43,38,25,9, , 
01/10/2020,52,42,23,7, , 
02/10/2020,49,60,24,4, , 
03/10/2020,81,54,28,5, , 
04/10/2020,67,55,21,8, , 
05/10/2020,77,27,25,6, , 
06/10/2020,37,27,25,5, , 
07/10/2020,36,28,28,8, , 
08/10/2020,44,35,25,9, , 
09/10/2020,53, , ,7, , 
10/10/2020, , , ,5, , 
11/10/2020, , , ,5, , 
12/10/2020, ,34,23,7, , 
13/10/2020,42,26,36,7, , 
14/10/2020,41,35,30,3, , 
15/10/2020,44,21,29,5, , 
16/10/2020,27,15,28,5, , 
17/10/2020,23,14,31,4, , 
18/10/2020,26,25,34,7, , 
19/10/2020,39,25,31,9, , 
20/10/2020, ,35,28,14, , 
21/10/2020,58,37,32,13, , 
22/10/2020,58,41,29,12, , 
23/10/2020,61,42,25,7, , 
24/10/2020,58,17,31,4, , 
25/10/2020,22,30,28,11, , 
26/10/2020,44,25,26,7, , 
27/10/2020,38,22,22,6, , 
28/10/2020,29, , ,5, , 
29/10/2020, , , ,7, , 
30/10/2020, , , ,8, , 
31/10/2020, , , ,5, , 
01/11/2020, ,29,22,9, , 
02/11/2020,46,33,23,10, , 
03/11/2020,54,39,21,11, , 
04/11/2020,66,47,25,12, , 
05/11/2020,77,39,24,10, , 
06/11/2020,67,20,27,3, , 
07/11/2020,40,24,27,7, , 
08/11/2020,41,32,26,10, , 
09/11/2020,59,35,26,10, , 
10/11/2020,64,39,26,16, , 
11/11/2020,68,46,25,16, , 
12/11/2020,74,43,25,15, , 
13/11/2020,69,45,23,14, , 
14/11/2020,71,43,23,12, , 
15/11/2020,71,48,18,13, , 
16/11/2020,70,40,10,14, , 
17/11/2020,60,37,28,9, , 
18/11/2020,57,27,27,6, , 
19/11/2020,45,33,28,7, , 
20/11/2020,48,30,25,10, , 
21/11/2020,48,18,27,8, , 
22/11/2020,33,26,29,8, , 
23/11/2020,34,18,27,5, , 
24/11/2020,29,31,16,13, , 
25/11/2020,54,32,25,12, , 
26/11/2020,61,23,23,11, , 
27/11/2020,43,38,30,5, , 
28/11/2020,51,62,25,6, , 
29/11/2020,94,52,23,13, , 
30/11/2020,75,40,18,13, , 
01/12/2020,60,43,28,11, , 
02/12/2020,56,25,24,6, , 
03/12/2020,34,24,29,8, , 
04/12/2020,29,34,26,7, , 
05/12/2020,44,26,28,2, , 
06/12/2020,39,26,24,8, , 
07/12/2020,40,33,31,1, , 
08/12/2020,39,77,27,5, , 
09/12/2020,102,19,29,6, , 
10/12/2020,23,23,27,7, , 
11/12/2020,35,17,29,7, , 
12/12/2020,25,13,28,2, , 
13/12/2020,30,26,24,8, , 
14/12/2020,39,53,19,17, , 
15/12/2020,83,63,14,22, , 
16/12/2020,91,48,13,26, , 
17/12/2020,68,19,27,13, , 
18/12/2020,33,15,30,11, , 
19/12/2020,31,22,30,13, , 
20/12/2020,37,20,30,10, , 
21/12/2020,37,36,26,14, , 
22/12/2020,55,40,16,22, , 
23/12/2020,62,30,27,13, , 
24/12/2020,46,21,28,7, , 
25/12/2020,41,17,28,6, , 
26/12/2020,30,6,28,2, , 
27/12/2020,24,10,27,4, , 
28/12/2020,25,9,27,5, ,
29/12/2020,30,10,28,6, ,
30/12/2020, ,11,27,3, , 
31/12/2020,25,23,29,14, , 
01/01/2021,39,22,29,2, , 
02/01/2021,21, , , , , 
03/01/2021, ,30,15,19, , 
04/01/2021,41,27,27,13, , 
05/01/2021,40,49,28,16, , 
06/01/2021,60,47,22,12, , 
07/01/2021,56,67,19,10, , 
08/01/2021,89,82,22,16, , 
09/01/2021,101,88,20,5, , 
10/01/2021,109,52,19,14, , 
11/01/2021,69,22,25,13, , 
12/01/2021,36,25,25,11, , 
13/01/2021,33,34,30,12, , 
14/01/2021,46,32,29,9, , 
15/01/2021,44,22,26,10, , 
16/01/2021,34,14,32,5, , 
17/01/2021,29,27,28,14, , 
18/01/2021,47,36,23,20, , 
19/01/2021,57,58,31,18, , 
20/01/2021,77,2,31,9, , 
21/01/2021,13,1,28,17, , 
22/01/2021,11, , , , , 
23/01/2021, ,35,31,3, , 
24/01/2021,60,35,28,10, , 
25/01/2021,49,33,32,9, , 
26/01/2021,48,25,24,13, , 
27/01/2021,38,21,22,13, , 
28/01/2021,36,27,28,10, , 
29/01/2021,35,29,23,10, , 
30/01/2021,46,24,30,6, , 
31/01/2021,36,32,29,9, , 
01/02/2021,49,36,24,10, , 
02/02/2021,57,37,22,19, , 
03/02/2021,51,40,27,15, , 
04/02/2021,60,53,23,20, , 
05/02/2021,69,41,24,16, , 
06/02/2021,51,36,29,9, , 
07/02/2021,51,38,28,8, , 
08/02/2021,57,76,25,12, , 
09/02/2021,105,48,33,5, , 
10/02/2021,68,37,31,8, , 
11/02/2021,52,29,28,14, , 
12/02/2021,37,24,28,11, , 
13/02/2021,38,18,33,4, , 
14/02/2021,35,20,32,7, , 
15/02/2021,36,19,28,10, , 
16/02/2021,29,44,25,22, , 
17/02/2021,69,36,32,23, , 
18/02/2021,55,36,24,24, , 
19/02/2021,57,42,29,20, , 
20/02/2021,58,27,30,14, , 
21/02/2021,43,19,30,11, , 
22/02/2021,29,31,32,20, , 
23/02/2021,53,43,29,20, , 
24/02/2021,70,37,38,16, , 
25/02/2021,73,47,35,20, , 
26/02/2021,86,56,35,18, , 
27/02/2021,92,54,36,11, , 
28/02/2021,97,41,36,8, , 
01/03/2021,80,33,39,8, , 
02/03/2021,68,34,38,10, , 
03/03/2021,60,37,29,22, , 
04/03/2021,59,31,31,17, , 
05/03/2021,60,29,36,7, , 
06/03/2021,55,25,41,5, , 
07/03/2021,54,34,33,12, , 
08/03/2021,63,44,31,12, , 
09/03/2021,78,40,30,13, , 
10/03/2021,64,29,34,12, , 
11/03/2021,53,31,33,15, , 
12/03/2021,51,33,35,16, , 
13/03/2021,52,30,34,6, , 
14/03/2021,49,36,34,9, , 
15/03/2021,49,28,36,10, , 
16/03/2021,46,23,36,10, , 
17/03/2021,33,24,35,10, , 
18/03/2021,40,22,40,12, , 
19/03/2021,33,28,33,11, , 
20/03/2021,56,25,37,4, , 
21/03/2021,45,18,39,10, , 
22/03/2021,37,15,36,7, , 
23/03/2021,40,18,35,8,1, 
24/03/2021,38,22,34,12, , 
25/03/2021,45,26,37,17,1, 
26/03/2021,44,23,38,12, , 
27/03/2021,50,22,33,10, , 
28/03/2021,48,21,32,12, , 
29/03/2021,46,26,37,21, , 
30/03/2021,55,31,41,15, , 
31/03/2021,70,31,35,14, , 
01/04/2021,65,24,40,9, , 
02/04/2021,60,41,36,14, , 
03/04/2021,79,33,37,6, , 
04/04/2021,69,21,36,6, , 
05/04/2021,49,28,39,11, , 
06/04/2021,57,30,36,11, , 
07/04/2021,62,21,40,8, , 
08/04/2021,45,12,39,9, , 
09/04/2021,28,17,37,11, , 
10/04/2021,38,21,38,9, , 
11/04/2021,48,29,37,10, , 
12/04/2021,58,33,38,11, , 
13/04/2021,60,28,39,15, , 
14/04/2021,58,25,39,23, , 
15/04/2021,55,19,40,4, , 
16/04/2021,42,28,38,8, , 
17/04/2021,64,19,40,6, , 
18/04/2021,45,19,41,8, , 
19/04/2021,45,24,38,14, , 
20/04/2021,46,26,35,15, , 
21/04/2021,57,38,39,14, , 
22/04/2021,62,47,40,8, , 
23/04/2021,87,21,38,11, , 
24/04/2021,49,23,40,11, , 
25/04/2021,47,31,32,16, , 
26/04/2021,59,44,33,10, , 
27/04/2021,80,42,30,16, , 
28/04/2021,80,47,32,20, , 
29/04/2021,78,48,26,17, , 
30/04/2021,79,46,32,16, , 
01/05/2021,75,41,30,8, , 
02/05/2021,73,33,34,12, , 
03/05/2021,56,26,38,14, , 
04/05/2021,54,36,30,16, , 
05/05/2021,60,33,29,15, , 
06/05/2021,79,34,34,15, , 
07/05/2021,58,39,30,12, , 
08/05/2021,62,29,35,15, , 
09/05/2021,54,32,35,13, , 
10/05/2021,61,34,34,16, , 
11/05/2021,57,33,33,9, , 
12/05/2021,63,30,34,10, , 
13/05/2021,48,29,34,13, , 
14/05/2021,45,36,32,8, , 
15/05/2021,52,18,35,4, , 
16/05/2021,31,30,37,15, , 
17/05/2021,49,34,31,13, , 
18/05/2021,55,37,35,12, , 
19/05/2021,58,47,35,8, , 
20/05/2021,71,28,37,11, , 
21/05/2021,55,26,38,9, , 
22/05/2021,41,21,35,11, , 
23/05/2021,48,24,34,15, , 
24/05/2021,65,42,34,14, , 
25/05/2021,66,32,34,12, , 
26/05/2021,55,31,33,16, , 
27/05/2021,54,34,37,14, , 
28/05/2021,63,27,38,12, , 
29/05/2021,64,29,39,10, , 
30/05/2021,50,32,38,10, , 
31/05/2021,63,28,36,12, , 
01/06/2021,64,29,34,16, , 
02/06/2021,53,22,37,15, , 
03/06/2021,51,21,33,17, , 
04/06/2021,40,32,44,20, , 
05/06/2021,53,30,35,18, , 
06/06/2021,61,33,38,10, , 
07/06/2021,59,30,31,10, , 
08/06/2021,57,30,26,9, , 
09/06/2021,57,28,26,13, , 
10/06/2021,52,32,26,16, , 
11/06/2021,65,34, ,10, , 
12/06/2021,72,29, ,9, , 
13/06/2021,57,31,36,14, , 
14/06/2021,60,25,37,11, , 
15/06/2021,54,26,33,15, , 
16/06/2021,46,27,32,12, , 
17/06/2021,53,27,27,13, , 
18/06/2021,50,26,34,12, , 
19/06/2021,40,27,38,15, , 
20/06/2021,46,55,25,22, , 
21/06/2021,79,80,31,13, , 
22/06/2021,133,92,26,20, , 
23/06/2021,151,98,33,27, , 
24/06/2021,153,84,31,23, , 
25/06/2021,125,88,27,20, , 
26/06/2021,139,71,25,17, , 
27/06/2021,123,74,18,20, , 
28/06/2021,119,72,31,14, , 
29/06/2021,119,87,26,18, , 
30/06/2021,132,68,27,18, , 
01/07/2021,105,42,34,13, , 
02/07/2021,66,36,49,17, , 
03/07/2021,68,31,47,8, , 
04/07/2021,60,47,31,10, , 
05/07/2021,67,30,33,10, , 
06/07/2021,53,32,33,11, , 
07/07/2021,55,33,29,14, , 
08/07/2021,49,41,26,10, , 
09/07/2021,54,40,32,8, , 
10/07/2021,52,27,32,6, , 
11/07/2021,39,42,32,12, , 
12/07/2021,53,35,33,7, , 
13/07/2021,45,49,30,10, , 
14/07/2021,65,38,26,8, , 
15/07/2021,52,39,28,9, , 
16/07/2021,46,46,33,6, , 
17/07/2021,59,36,40,4, , 
18/07/2021,58,35,39,8, , 
19/07/2021,51,37,41,9, , 
20/07/2021,65,32,40,11, , 
21/07/2021,58,32,36,12, , 
22/07/2021,50,34,42,12, , 
23/07/2021,60,31,34,10, , 
24/07/2021,53,34,39,13, , 
25/07/2021,60,35,33,13, , 
26/07/2021,56,32,35,14, , 
27/07/2021,55,31,36,19, , 
28/07/2021,56,48,35,21, , 
29/07/2021,70,31,27,14, , 
30/07/2021,77,57,33,14, , 
31/07/2021,96,61,37,19, , 
01/08/2021,100,57,35,19, , 
02/08/2021,93,61,36,15, , 
03/08/2021,89,50,32,11, , 
04/08/2021,97,54,29,9, , 
05/08/2021,87,27,32,11, , 
06/08/2021,47,30,32,9, , 
07/08/2021,48,31,30,7, , 
08/08/2021,52,33,30,9, , 
09/08/2021,48,38,31,15, , 
10/08/2021,52,66,36,20, , 
11/08/2021,89,53,37,14, , 
12/08/2021,89,39,44,12, , 
13/08/2021,72,28,54,10, , 
14/08/2021,69,38,43,7, , 
15/08/2021,71,47,28,5, , 
16/08/2021,69,40,34,6, , 
17/08/2021,66,45,31,6, , 
18/08/2021,65,38,33,8, , 
19/08/2021,63,31,31,9, , 
20/08/2021,48,33,35,9, , 
21/08/2021,57,28,38,8, , 
22/08/2021,53,36,36,10, , 
23/08/2021,53,28,26,8, , 
24/08/2021,44,33,38,8, , 
25/08/2021,59,49,34,8, , 
26/08/2021,73,37,35,9, , 
27/08/2021,55,25,40,8, , 
28/08/2021,42,31,35,5, , 
29/08/2021,52,28,38,8, , 
30/08/2021,51,34,33,12, , 
31/08/2021,56,28,36,11, , 
01/09/2021,48,20,31,13, , 
02/09/2021,42,23,31,15, , 
03/09/2021,43,37,32,11, , 
04/09/2021,55,47,31,11, , 
05/09/2021,61,25,38,7, , 
06/09/2021,50,18,41,7, , 
07/09/2021,46,17,49,13, , 
08/09/2021,38,39,31,20, , 
09/09/2021,58,47,26,13, , 
10/09/2021,64,28,32,8, , 
11/09/2021,56,19,43,6, , 
12/09/2021,42,27,41,9, , 
13/09/2021,59,23,40,12, , 
14/09/2021,72,19,40,14, , 
15/09/2021,61,42,30,12, , 
16/09/2021,61,63,29,10, , 
17/09/2021,53,63,35,7, , 
18/09/2021,62, ,33,6, , 
19/09/2021,57, ,28,11, , 
20/09/2021,68, ,31,5, , 
21/09/2021,69, ,32,9, , 
22/09/2021,50,24,30,12, , 
23/09/2021,41,24,25,14, , 
24/09/2021,47, ,25,12, , 
25/09/2021, , ,29,12, , 
26/09/2021, , ,24,12, , 
27/09/2021, ,56,23,10, , 
28/09/2021,89,37,29,13, , 
29/09/2021,75,28,29,10, , 
30/09/2021,55,27,30,6, , 
01/10/2021,49,27,28,17, , 
02/10/2021,52,24,32,15, , 
03/10/2021,40,23,25,17, , 
04/10/2021,43,25,25,13, , 
05/10/2021,45,46,29,15, , 
06/10/2021,70,38,29,12, , 
07/10/2021,48,34,27,15, , 
08/10/2021,43,31,29,17, , 
09/10/2021,39,25,29,15, , 
10/10/2021,45,44,31,19, , 
11/10/2021,54,35,24,18, , 
12/10/2021,48,35,25,26, , 
13/10/2021,59,27,29,16, , 
14/10/2021,50,32,29,11,2, 
15/10/2021,43,36,29,16, , 
16/10/2021,50,30,33,19, , 
17/10/2021,52,55,30,31,2, 
18/10/2021,81,23,33,14, , 
19/10/2021,46,23,31,18, , 
20/10/2021,49,39,25,23, , 
21/10/2021,68,28,21,17, , 
22/10/2021,61,30,25,12, , 
23/10/2021,69,48,28,6, , 
24/10/2021,95,34,32,19, , 
25/10/2021,56,26,33,9, , 
26/10/2021,55,18,31,5, , 
27/10/2021,53,17,31,5, , 
28/10/2021,53,17,30,10, , 
29/10/2021,53,22,27,12, , 
30/10/2021,50,27,22,20, , 
31/10/2021,70,19,23,17, , 
01/11/2021,50,32,23,16, , 
02/11/2021,50,34,28,17, , 
03/11/2021,68,55,21,10, , 
04/11/2021,93,38,19,19, , 
05/11/2021,84,42,22,11, , 
06/11/2021,73,31,23,9, , 
07/11/2021,64,27,16,17, , 
08/11/2021,66,26,24,16, , 
09/11/2021,65,28,29,14, , 
10/11/2021,67,36,28,19, , 
11/11/2021,68,45,27,26, , 
12/11/2021,65,54,20,29, , 
13/11/2021,80,31,24,21, , 
14/11/2021,63,33,20,23, , 
15/11/2021,61,43,27,23, , 
16/11/2021,75,41,29,17, , 
17/11/2021,55,33,21,25, , 
18/11/2021,52,36,26,20, , 
19/11/2021,58,39,26,21, , 
20/11/2021,69,32,26,20, , 
21/11/2021,62,30,18,22, , 
22/11/2021,60,38,20,22, , 
23/11/2021,72,46,21,26, , 
24/11/2021,84,23,22,21, , 
25/11/2021,62,33,22,21, , 
26/11/2021,52,50,30,18, , 
27/11/2021,67,18,33,5, , 
28/11/2021,34,21,32,5, , 
29/11/2021,33,30,29,13, , 
30/11/2021,45,48,17,26, , 
01/12/2021,56,64,28,10, , 
02/12/2021,81,53,27,12, , 
03/12/2021,77,21,27,9, , 
04/12/2021,38,18,32,10, , 
05/12/2021,35,16,30,10, , 
06/12/2021,34,25,28,8, , 
07/12/2021,43,34,29,12, , 
08/12/2021,61,45,32,12, , 
09/12/2021,63,32,30,6, , 
10/12/2021,51,19,29,7, , 
11/12/2021,42,19,27,8, , 
12/12/2021,43,14,29,11, , 
13/12/2021,30,27,26,16, , 
14/12/2021,44,37,25,25, , 
15/12/2021,65,49,14,28,1, 
16/12/2021,88,41,18,24, , 
17/12/2021,74,20,26,13, , 
18/12/2021,41,19,26,12, , 
19/12/2021,39,35,21,24, , 
20/12/2021,60,34,22,24, , 
21/12/2021,64,32,27,22, , 
22/12/2021,61,10,30,9, , 
23/12/2021,28,28,25,21, , 
24/12/2021,64,27,28,12, , 
25/12/2021,63,23,24,8, , 
26/12/2021,53,22,27,14, , 
27/12/2021,54,21,26,5, , 
28/12/2021,53,22,26,5, , 
29/12/2021,57,23,24,12, , 
30/12/2021,60,23,24,18, , 
31/12/2021,56,21,22,13, , 
01/01/2022,60,19,21,12, , 
02/01/2022,54,20,24,9, , 
03/01/2022,43,21,30,10, , 
04/01/2022,53,19,27,11, , 
05/01/2022,48,24,27,16, , 
06/01/2022,58,13,25,11, , 
07/01/2022,41,15,28,6, , 
08/01/2022,32,13,32,4, , 
09/01/2022,31,14,30,8, , 
10/01/2022,30,18,28,8, , 
11/01/2022,36,30,21,14, , 
12/01/2022,58,12,32,6, , 
13/01/2022,40,27,33,13, , 
14/01/2022,55,35,28,21, , 
15/01/2022,68,32,24,23, , 
16/01/2022,73,33,25,20, , 
17/01/2022,63,37,27,20, , 
18/01/2022,59,29,22,23, , 
19/01/2022,60,37,22,23, , 
20/01/2022,69,33,26,24, , 
21/01/2022,61,24,25,17, , 
22/01/2022,48,21,30,12, , 
23/01/2022,38,26,29,17, , 
24/01/2022,36,25,29,14, , 
25/01/2022,48,38,25,27, , 
26/01/2022,65,32,25,27, , 
27/01/2022,61,29,29,22, , 
28/01/2022,57,20,31,9, , 
29/01/2022,36,16,32,6, , 
30/01/2022,40,22,38,10, , 
31/01/2022,49,22,31,7, , 
01/02/2022,45,29,29,9, , 
02/02/2022,47,37,29,17, , 
03/02/2022,55,31,31,20, , 
04/02/2022,62,37,33,12, , 
05/02/2022,74,20,31,9, , 
06/02/2022,53,29,31,11, , 
07/02/2022,51,21,32,14, , 
08/02/2022,40,27,26,21, , 
09/02/2022,43,18,29,22, , 
10/02/2022,46,26,32,24, , 
11/02/2022,58,31,30,27, , 
12/02/2022,62,30,35,25, , 
13/02/2022,70,28,28,29, , 
14/02/2022,65,22,29,15, , 
15/02/2022,51,24,30,12, , 
16/02/2022,37,24,28,18, , 
17/02/2022,39,26,21,22, , 
18/02/2022,59,16,28,11, , 
19/02/2022,43,20,28,9, , 
20/02/2022,58,27,33,9, , 
21/02/2022,52,28,33,8, , 
22/02/2022,49,20,34,13, , 
23/02/2022,35,31,30,25, , 
24/02/2022,48,27,39,27,8, 
25/02/2022,55,27,32,16, , 
26/02/2022,57,19,33,7, , 
27/02/2022,38,22,32,16, , 
28/02/2022,45,25,34,16, , 
01/03/2022,52,23,33,14, , 
02/03/2022,49,25,37,21, , 
03/03/2022,51,26,37,22, , 
04/03/2022,59,24,32,23, , 
05/03/2022,61,17,38,8, , 
06/03/2022,47,26,29,26, , 
07/03/2022,54,24,35,16, , 
08/03/2022,59,19,36,10,5, 
09/03/2022,44,18,33,15, , 
10/03/2022,43,28,34,26, , 
11/03/2022,60,27,34,26, , 
12/03/2022,65,12,34,17, , 
13/03/2022,46,14,39,15, , 
14/03/2022,39,13,37,19, , 
15/03/2022,38,19,29,19, , 
16/03/2022,47,25,36,18, , 
17/03/2022,53,21,38,7, , 
18/03/2022,62,22,39,5, , 
19/03/2022,64,13,38,5, , 
20/03/2022,39,12,39,9, , 
21/03/2022,38,17,41,11, , 
22/03/2022,51,28,39,17, , 
23/03/2022,65,38,41,29, , 
24/03/2022,86,28,33,25, , 
25/03/2022,61,21,38,13, , 
26/03/2022,52,35,38,12, , 
27/03/2022,72,40,39,15, , 
28/03/2022,91,42,30,18, , 
29/03/2022,79,51,30,14, , 
30/03/2022,92,70,35,11, , 
31/03/2022,116,25,34,12, , 
01/04/2022,50,22,35,9, , 
02/04/2022,38,17,39,11, , 
03/04/2022,34,9,41,6, , 
04/04/2022,29,14,39,8, , 
05/04/2022,42,23,32,19, , 
06/04/2022,60,27,38,9, , 
07/04/2022,47,19,41,12, , 
08/04/2022,40,25,37,16, , 
09/04/2022,43,20,37,6, , 
10/04/2022,44,11,38,16, , 
11/04/2022,26,10,39,17, , 
12/04/2022,23,9,40,8, , 
13/04/2022,29,17,46,6, , 
14/04/2022,56,19,49,3, , 
15/04/2022,61,21,49,7, , 
16/04/2022,64,18,44,8, , 
17/04/2022,52,17,36,8, , 
18/04/2022,42,16,37,12, , 
19/04/2022,41,24,36,12, , 
20/04/2022,49,98,37,9, , 
21/04/2022,97,23,34,13, , 
22/04/2022,37,15,38,10, , 
23/04/2022,34,17,39,12, , 
24/04/2022,43,24,31,23, , 
25/04/2022,44,21,30,24, , 
26/04/2022,45,17,38,17, , 
27/04/2022,45,14,43,9, , 
28/04/2022,42,18,41,15, , 
29/04/2022,44,17,39,24, , 
30/04/2022,50,16,39,12, , 
01/05/2022,49,23,40,12, , 
02/05/2022,57,24,38,17, , 
03/05/2022,58,25,29,20, , 
04/05/2022,59,34,29,20, , 
05/05/2022,61,52,35,13, , 
06/05/2022,84,23,40,6, , 
07/05/2022,48,22,37,5, , 
08/05/2022,55,30,33,13, , 
09/05/2022,61,34,33,12, , 
10/05/2022,67,35,40,20, , 
11/05/2022,70,43,35,23, , 
12/05/2022,79,51,36,18, , 
13/05/2022,75,36,34,11, , 
14/05/2022,56,23,37,16, , 
15/05/2022,44,26,30,15, , 
16/05/2022,56,29,39,22, , 
17/05/2022,63,35,39,23, , 
18/05/2022,59,25,39,14, , 
19/05/2022,60,27,35,14, , 
20/05/2022,61,31,38,8, , 
21/05/2022,57,17,37,5, , 
22/05/2022,38,35,42,11, , 
23/05/2022,46,33,32,17, , 
24/05/2022,38,30,29,16, , 
25/05/2022,40,24,30,23, , 
26/05/2022,49,33,33,12, , 
27/05/2022,63,25,35,8, , 
28/05/2022,49,24,36,5, , 
29/05/2022,49,36,32,16, , 
30/05/2022,44,44,28,18, , 
31/05/2022,56,49,25,25, , 
01/06/2022,63,38,28,25, , 
02/06/2022,63,43,33,30, , 
03/06/2022,62,47,29,30, , 
04/06/2022,60,34,34,13, , 
05/06/2022,45,60,31,9, , 
06/06/2022,80,36,39,10, , 
07/06/2022,60,30,33,12, , 
08/06/2022,54,33,31,9, , 
09/06/2022,51,44,33,9, , 
10/06/2022,65,30,36,8, , 
11/06/2022,55,23,39,9, , 
12/06/2022,52,32,41,18, , 
13/06/2022,53,21,44,16, , 
14/06/2022,48,24,39,23, , 
15/06/2022,41,24,35,16, , 
16/06/2022,35,25,33,14, , 
17/06/2022,40,17,40,10, , 
18/06/2022,50,18,45,11, , 
19/06/2022,53,21,42,16, , 
20/06/2022,52,29,38,13, , 
21/06/2022,53,29,33,14, , 
22/06/2022,48,39,31,18, , 
23/06/2022,48,54,26,23, , 
24/06/2022,52,49,29,27, , 
25/06/2022,55,62,25,20, , 
26/06/2022,81,65,15,17, , 
27/06/2022,92,76,20,21, , 
28/06/2022,101,58,26,14, , 
29/06/2022,87,47,34,14, , 
30/06/2022,83,53,18,15, , 
01/07/2022,91,60,28,14, , 
02/07/2022,82,41,30,9, , 
03/07/2022,76,48,29,18, , 
04/07/2022,70,47,31,21, , 
05/07/2022,63,52,32,17, , 
06/07/2022,68,48,31,15, , 
07/07/2022,65,50,39,8, , 
08/07/2022,71,19,34,11, , 
09/07/2022,35,18,39,9, , 
10/07/2022,42,20,31,13, , 
11/07/2022,38,18,32,13, , 
12/07/2022,41,17,38,14, , 
13/07/2022,39,16,35,13, , 
14/07/2022,36,16,36,10,9, 
15/07/2022,38,20,37,10, , 
16/07/2022,46,35,39,9, , 
17/07/2022,48,25,40,17, , 
18/07/2022,50,22,41,15, , 
19/07/2022,55,18,38,13, , 
20/07/2022,52,24,37,12, , 
21/07/2022,59,23,29,13, , 
22/07/2022,57,25,30,10, , 
23/07/2022,53,20,30,6, , 
24/07/2022,52,34,33,18, , 
25/07/2022,59,31,31,9, , 
26/07/2022,55,28,33,10, , 
27/07/2022,64,26,25,9, , 
28/07/2022,62,27,30,10, , 
29/07/2022,59,27,24,8, , 
30/07/2022,54,21,35,8, , 
31/07/2022,51,18,30,9, , 
01/08/2022,46,20,28,11, , 
02/08/2022,47,16,37,13, , 
03/08/2022,41,31,40,16, , 
04/08/2022,56,30,33,15, , 
05/08/2022,59,24,34,9, , 
06/08/2022,57,19,36,8, , 
07/08/2022,49,27,35,14, , 
08/08/2022,60,25,36,13, , 
09/08/2022,59,26,27,12, , 
10/08/2022,57,29,23,17, , 
11/08/2022,56,33,33,18, , 
12/08/2022,62,21,35,10, , 
13/08/2022,42,17,32,8, , 
14/08/2022,42,16,29,9, , 
15/08/2022,44,22,22,8, , 
16/08/2022,49,27,23,14, , 
17/08/2022,56,38,14,10, , 
18/08/2022,59,46,18,10, , 
19/08/2022,67,29,24,6, , 
20/08/2022,51,20,18,6, , 
21/08/2022,45,23,21,9, , 
22/08/2022,42,16,25,10, , 
23/08/2022,39,20,25,11, , 
24/08/2022,37,16,28,12, , 
25/08/2022,35,16,32,15, , 
26/08/2022,33,14,30,11, , 
27/08/2022,30,17,27,10, , 
28/08/2022,42,23,23,11, , 
29/08/2022,52,18,28,12, , 
30/08/2022,46,20,26,12, , 
31/08/2022,39,21,26,11, , 
01/09/2022,39,28,28,12, , 
02/09/2022,55,22,26,9, , 
03/09/2022,52,23,23,7, , 
04/09/2022,49,23,24,9, , 
05/09/2022,57,23,30,14, , 
06/09/2022,41,20,26,11, , 
07/09/2022,38,13,27,6, , 
08/09/2022,32,20,25,7, , 
09/09/2022,45,31,24,10, , 
10/09/2022,63,21,27,8, , 
11/09/2022,35,23,29,15, , 
12/09/2022,38,25,24,16, , 
13/09/2022,35,22,22,16, , 
14/09/2022,36,22,23,12, , 
15/09/2022,36,19,24,11, , 
16/09/2022,33,35,26,9, , 
17/09/2022,48,21,34,10, , 
18/09/2022,41,35,33,20, , 
19/09/2022,45,24,31,19, , 
20/09/2022,44,19,22,13, , 
21/09/2022,35,11,30,20, , 
22/09/2022,31,20,31,9, , 
23/09/2022,35,19,32,14, , 
24/09/2022,34,19,30,13, , 
25/09/2022,37,23,28,9, , 
26/09/2022,47,21,25,16, , 
27/09/2022,37,20,27,19, , 
28/09/2022,32,21,28,19, , 
29/09/2022,30,16,21,14, , 
30/09/2022,39,18,25,9, , 
01/10/2022,44,12,29,8, , 
02/10/2022,26,18,25,14, , 
03/10/2022,33,13,28,15, , 
04/10/2022,29,16,29,18, , 
05/10/2022,33,20,29,18, , 
06/10/2022,38,33,21,27, , 
07/10/2022,51,30,21,18, , 
08/10/2022,55,18,21,18, , 
09/10/2022,40,26,19,21, , 
10/10/2022,51,30,24,22, , 
11/10/2022,65,20,20,14, , 
12/10/2022,49,26,22,18, , 
13/10/2022,53,33,27,12, , 
14/10/2022,49,21,27,15, , 
15/10/2022,37,22,28,22, , 
16/10/2022,55,28,33,21, , 
17/10/2022,64,33,31,17, , 
18/10/2022,60,42,31,26, , 
19/10/2022,76,52,31,31, , 
20/10/2022,83,35,30,29, , 
21/10/2022,73,36,29,25, , 
22/10/2022,68,27,26,20, , 
23/10/2022,60,33,23,25, , 
24/10/2022,67,27,20,22, , 
25/10/2022,57,54,24,31, , 
26/10/2022,81,52,22,29, , 
27/10/2022,88,39,28,22, , 
28/10/2022,80,21,32,8, , 
29/10/2022,54,24,33,12, , 
30/10/2022,53,43,28,22, , 
31/10/2022,69,34,27,19, , 
01/11/2022,63,31,24,19, , 
02/11/2022,72,28,23,21, , 
03/11/2022,64,29,32,15, , 
04/11/2022,57,14,29,9, , 
05/11/2022,29,11,27,4, , 
06/11/2022,23,18,23,19, , 
07/11/2022,35,24,24,23, , 
08/11/2022,44,36,21,30, , 
09/11/2022,60,28,26,25, , 
10/11/2022,56,16,31,18, , 
11/11/2022,40,18,29,17, , 
12/11/2022,52,25,24,21, , 
13/11/2022,54,30,8,30,1, 
14/11/2022,68,31,19,26, , 
15/11/2022,66,22,24,22, , 
16/11/2022,48,21,20,23, , 
17/11/2022,50,25,22,17, , 
18/11/2022,51,48,24,12, , 
19/11/2022,83,26,29,8, , 
20/11/2022,51,18,28,15, , 
21/11/2022,36,35,32,7, , 
22/11/2022,52,17,27,10, , 
23/11/2022,36,23,21,12, , 
24/11/2022,54,32,24,23, , 
25/11/2022,58,16,28,19, , 
26/11/2022,48,10,31,2, , 
27/11/2022,34,30,30,15, , 
28/11/2022,54,11,25,19, , 
29/11/2022,36,14,17,26, , 
30/11/2022,42,36,13,29, , 
01/12/2022,64,34,17,30, , 
02/12/2022,66,48,25,10, , 
03/12/2022,77,50,26,22, , 
04/12/2022,85,67,22,29, , 
05/12/2022,105,59,17,28, , 
06/12/2022,101,68,15,22, , 
07/12/2022,107,37,25,21, , 
08/12/2022,72,44,25,16, , 
09/12/2022,72,58,26,6, , 
10/12/2022,84,20,26,8, , 
11/12/2022,37,28,26,10, , 
12/12/2022,45,21,25,10, , 
13/12/2022,46,30,19,16, , 
14/12/2022,53,32,21,17, , 
15/12/2022,60,48,19,16, , 
16/12/2022,79,27,26,14, , 
17/12/2022,57,20,29,15, , 
18/12/2022,49,21,29,11, , 
19/12/2022,46,35,23,22, , 
20/12/2022,64,35,22,26, , 
21/12/2022,69,29,24,24, , 
22/12/2022,66,24,22,14, , 
23/12/2022,51,22,21,9, , 
24/12/2022,57,25,23,12, , 
25/12/2022,64,30,23,18, , 
26/12/2022,73,23,25,18, , 
27/12/2022,62,28,16,18, , 
28/12/2022,69,31,21,21, , 
29/12/2022,70,19,7,19, , 
